認証番号,店名,住所,更新日
2517,ビストロ シャルム,福井県大野市陽明町3-401,2021-08-02
2498,ホテル フレアール和泉,福井県大野市下山63-2-24,2021-08-02
2461,一品料理 長谷川,福井県大野市桜塚町1008,2021-08-02
2436,おおもりや,福井県勝山市沢町2-7-27,2021-08-02
2434,大野食堂,福井県大野市要町3-9,2021-08-02
2427,魚中五,福井県勝山市元町2-2-3,2021-08-02
2419,喫茶 ウインディ,福井県大野市朝日35-3-5,2021-08-02
2398,あまごの宿,福井県勝山市野向町横倉56-35,2021-08-02
2381,Bunny Supertte,福井県大野市蕨生137-21-1,2021-08-02
2378,Beer Café 麒麟,福井県大飯郡おおい町本郷144-18,2021-08-02
2371,にっこり亭,福井県大野市美里町616,2021-08-02
2365,天,福井県勝山市元町1-2-3,2021-08-02
2349,御食事処 小ばやし,福井県敦賀市木崎23-6-3,2021-08-02
2333,Cat viIIage（キャットヴィレッジ）,福井県勝山市村岡町浄土寺38-12,2021-08-02
2327,IZAKAYA DAI,福井県小浜市小浜広峰1-1,2021-08-02
2324,蕎麦花亭,福井県勝山市旭町1-3-17,2021-08-02
2323,シルク du カフェ,福井県大野市元町9-22,2021-08-02
2322,食彩 ごえん,福井県小浜市小浜日吉57-2,2021-08-02
2304,手打ちそば 五郎兵衛,福井県小浜市加斗29-1-1,2021-08-02
2300,スナック ちとせ,福井県小浜市大手町9-2,2021-08-02
2278,喫茶 バロック,福井県大野市陽明町1-1109,2021-08-02
2258,マクドナルド 大野ヴィオ店,福井県大野市鍬掛17-17-1,2021-08-02
2247,お料理 やそはち,福井県越前市不老町16-15,2021-08-02
2243,千成そば,福井県敦賀市野神43-3,2021-08-02
2242,洋菜酒場 マンモス,福井県小浜市小浜酒井1-23,2021-08-02
2234,炙り厨房 こんろ家 福井小浜店,福井県小浜市駅前町2-8 おおきどビル1F,2021-08-02
2219,和洋膳 茶の花,福井県越前市押田1-4-11,2021-08-02
2217,白龍亭,福井県小浜市駅前町4-45,2021-08-02
2207,ソニョーポリ,福井県敦賀市金ケ崎町4-1 赤レンガ倉庫,2021-08-02
2204,Lounge TEXAS,福井県小浜市小浜酒井1-83,2021-08-02
2198,焼肉・海鮮 まるや,福井県大飯郡おおい町本郷154-1-8,2021-08-02
2197,お食事 伸,福井県大飯郡おおい町本郷137-7-1,2021-08-02
2192,料亭 播磨,福井県小浜市小浜香取3,2021-08-02
2185,ペンションUPO,福井県勝山市村岡町栃神谷11-6-1,2021-08-02
2180,海鮮アトム 勝山店,福井県勝山市長山町2-7-20,2021-08-02
2172,軽食喫茶 翌檜,福井県敦賀市元比田堂の上10-16,2021-08-02
2167,郷土料理 ときわ,福井県大野市元町5-18,2021-08-02
2141,レストラン ふくしん,福井県福井市高木中央1丁目205,2021-08-02
2132,しもうしろ 魚清,福井県勝山市本町2-6-3,2021-08-02
2128,レストラン 菊水,福井県大飯郡高浜町宮崎86-48-1,2021-08-02
2112,ユトリ珈琲店 アル・プラザ敦賀店,福井県敦賀市白銀町11-5,2021-08-02
2110,麺匠 かぐや,福井県敦賀市呉竹町2-5-25-1,2021-08-02
2109,勝山温泉センター 水芭蕉,福井県勝山市村岡町浄土寺30-11,2021-08-02
2108,モスバーガー 敦賀店,福井県敦賀市木崎13-28,2021-08-02
2103,カフェ・アルカンシェル,福井県小浜市府中8-23,2021-08-02
2096,ホテル 若杉本館,福井県小浜市駅前町7-16,2021-08-02
2093,大黒食堂,福井県越前市粟田部町中央2-908,2021-08-02
2089,カフェダイニング 香桜里,福井県敦賀市沓見137-8-16,2021-08-02
2088,くら・蔵,福井県大飯郡高浜町宮崎第77号1番地8 若狭高浜駅内,2021-08-02
2085,松田屋,福井県福井市日之出1-17-22,2021-08-02
2079,WAびすとろ 華むら,福井県福井市大町16字古川210-1,2021-08-02
2076,居酒屋 秀,福井県小浜市府中15-13,2021-08-02
2075,カラオケスナック 恋月夜,福井県小浜市小浜白鬚37 D-1ビル4F,2021-08-02
2072,すし勘,福井県敦賀市本町1-8-12,2021-08-02
2067,プレスクラブ,福井県大野市明倫町5-17,2021-08-02
2066,扇寿司,福井県勝山市元町1丁目14-21,2021-08-02
2065,Nightin Le ERIKO,福井県小浜市駅前町26-16-16 クロスポイント3Mビル2F,2021-08-02
2063,すうぷ屋,福井県福井市加茂河原4-1-14,2021-08-02
2058,ビリヤード チェス,福井県敦賀市野神43-17-4,2021-08-02
2051,城山荘,福井県大飯郡高浜町事代6-1-1,2021-08-02
2045,福井酒屋 五膳屋 武生店,福井県越前市上太田町2-9-15-1 カワイビル1F,2021-08-02
2044,キャッツアイ,福井県福井市城東1-15-18 第二イーストホーポ1F,2021-08-02
2040,パティスリール・タン,福井県福井市上野本町3-2101,2021-08-02
2035,焼肉処 あおしん,福井県越前市大屋48-7-3,2021-08-02
2031,居酒屋 力家,福井県越前市桂町8-15,2021-08-02
2030,サルバドニカ,福井県福井市花堂東2-508,2021-08-02
2029,たけや,福井県福井市照手1-8-18,2021-08-02
2026,ブラジル,福井県大野市陽明町2丁目209,2021-08-02
2022,天じゅ,福井県福井市高木中央1-304,2021-08-02
2019,桂馬,福井県あわら市温泉3丁目608,2021-08-02
2014,カフェ＆カジュアル居酒屋 風,福井県福井市花堂南1-5-25,2021-08-02
2012,料亭 うおとめ,福井県越前市吾妻町1-45,2021-08-02
2010,越前 海の幸 料理 はまさき,福井県越前市矢船町17-8,2021-08-02
2009,料亭 糸屋,福井県越前市国府1-11-5,2021-08-02
2004,中華居酒屋,福井県福井市飯塚29-101,2021-08-02
2000,ナイト・ラウンジ.アウル,福井県大野市弥生町7-4 サミットビル1F,2021-08-02
1999,そばはうす えびすや,福井県大野市有明町7-18,2021-08-02
1998,旬味和膳 白扇,福井県福井市成和1丁目909,2021-08-02
1996,ごはん屋 ごっつぉ,福井県勝山市滝波町5-314,2021-08-02
1993,お食事処 たけと,福井県敦賀市木崎13-7-1,2021-08-02
1992,SNACK R,福井県大野市高砂町17-2 待合室ビル2F,2021-08-02
1989,喰いものや 一心亭,福井県福井市田原2-20-12,2021-08-02
1988,スナック 華,福井県越前市北府3丁目3-27,2021-08-02
1987,カラオケ喫茶 アニー,福井県福井市西開発2-408,2021-08-02
1986,ご馳走 Lunch／Cafe あるかんしぇる,福井県坂井市丸岡町熊堂3-7-1-16 福井県産業情報センター2F,2021-08-02
1984,麺屋 ぜん,福井県大野市日吉町18-12,2021-08-02
1983,丸寿司,福井県福井市照手4-10-16,2021-08-02
1982,松原病院内喫茶,福井県福井市文京2-9-1,2021-08-02
1980,Yellow 2,福井県福井市灯明寺3-201,2021-08-02
1979,学園レストラン アンカンシェル,福井県福井市学園3丁目6-1 福井工業大学2号館B1,2021-08-02
1978,カラオケ喫茶 ももか,福井県福井市舟橋新1-1321-1,2021-08-02
1976,やよい食堂,福井県小浜市駅前町1-15,2021-08-02
1975,grow,福井県福井市福1-2915 小林ビル1F,2021-08-02
1974,カラオケ喫茶 スナック ニュー明窓,福井県福井市田原2-24-17,2021-08-02
1970,美芳屋,福井県三方郡美浜町日向67-1-95,2021-08-02
1969,歳月苑,福井県敦賀市木崎28-7-1,2021-08-02
1968,スナック ドル,福井県小浜市小浜酒井110-1,2021-08-02
1963,アミューズメントスペース まどかとひさ乃,福井県あわら市二面41-13-1,2021-08-02
1960,スナック 花番,福井県敦賀市本町1丁目5-8 シルクライトコート4H,2021-08-02
1952,はるせん 本店,福井県坂井市春江町江留上昭和4-4,2021-08-02
1948,民宿 なかむら,福井県丹生郡越前町茂原9-23-2,2021-08-02
1943,うおまさ cafe,福井県大野市明倫町9-10,2021-08-02
1940,カラオケ喫茶 みやこ,福井県福井市菅谷2-10-22,2021-08-02
1939,スナック ふみ,福井県勝山市本町2-11-12,2021-08-02
1937,越前生そば ながと,福井県鯖江市横江町2-2-305,2021-08-02
1936,喜楽居酒屋 和よし,福井県福井市丸山町1-413,2021-08-02
1935,福井県立病院 レストラン さくら,福井県福井市四ツ井2-8-1 福井県立病院2F,2021-08-02
1933,海鮮処 三国港,福井県坂井市三国町楽円53-1-2,2021-08-02
1932,(有) たけ庄,福井県坂井市三国町楽円53-1-2,2021-08-02
1931,カフェ＆ゲストハウス ナマケモノ,福井県大野市篠座町7-2,2021-08-02
1929,レストラン MarPE 美味しい学研究所,福井県越前市千福町382,2021-08-02
1928,S'Amuser,福井県坂井市三国町北本町4-5-31,2021-08-02
1927,喫茶ボストン,福井県福井市大瀬町24-8-3,2021-08-02
1925,グリル あまから,福井県福井市西谷3丁目1302番地,2021-08-02
1924,料理 大むら,福井県福井市渕4丁目2005,2021-08-02
1920,とみや,福井県福井市文京2-5-49,2021-08-02
1919,マンガ喫茶 ドリーム,福井県坂井市春江町江留中38-5,2021-08-02
1918,リストランテ カルド,福井県敦賀市木崎51-24-1,2021-08-02
1917,グラスムーン,福井県福井市花堂南2丁目12-1,2021-08-02
1914,潮鮨,福井県越前市岡本町15-2-4,2021-08-02
1912,参千番,福井県勝山市本町1-5-27,2021-08-02
1911,Your resort 光泉,福井県大飯郡高浜町西三松2-1,2021-08-02
1910,つちカフェ,福井県勝山市本町4-2-36,2021-08-02
1909,ラーメン 多弐家 勝山店,福井県勝山市沢町2丁目7-27,2021-08-02
1908,タリーズコーヒー 福井ベル店,福井県福井市花堂南2-16-1 ショッピングシティベル1F,2021-08-02
1906,8番らーめん イーザ三国店,福井県坂井市三国町三国東5丁目1-36,2021-08-02
1905,イタリアン バル マーサ,福井県福井市門前2-1213,2021-08-02
1904,NOBU morimoto,福井県あわら市春宮1-2-33,2021-08-02
1902,蔵カフェ mon,福井県鯖江市大野町29-21,2021-08-02
1901,小松屋,福井県福井市照手1-4-4,2021-08-02
1898,さくら茶屋 メガドンキホーテUNY 敦賀店,福井県敦賀市中央町1-5-5,2021-08-02
1895,花湖,福井県鯖江市杉本町18-8-3,2021-08-02
1894,明城ファーム 武生中央公園店,福井県越前市高瀬2-3 ごはんカフェはぐもぐ内,2021-08-02
1893,明城ファーム直営店,福井県越前市杉崎町3-9-1,2021-08-02
1892,ふくい駅前 いちろくらーめん,福井県福井市中央1-2-1 ハピリン2F,2021-08-02
1891,料亭 鎌仁別荘,福井県越前市天王町3-4,2021-08-02
1889,米太,福井県小浜市小浜住吉9,2021-08-02
1888,緑茶房 New green cafe,福井県小浜市小浜酒井95-2,2021-08-02
1887,十割そば いたどり,福井県南条郡南越前町板取16-12,2021-08-02
1885,チモトコーヒー プラザ萬象店,福井県敦賀市東洋町1-1,2021-08-02
1884,麺匠 麦之助,福井県福井市新田塚1-70-28,2021-08-02
1882,石勝食堂,福井県坂井市三国町南本町4-11-12,2021-08-02
1878,スシハウス 潮,福井県鯖江市丸山町1-6-22,2021-08-02
1877,まくり屋,福井県福井市西開発1-2506,2021-08-02
1875,トラットリア・デル・クアドリフォリオ,福井県越前市上太田町29-15-1 カワイビル,2021-08-02
1870,鮨一,福井県小浜市福谷9-5-1,2021-08-02
1869,そば処 あおき,福井県坂井市三国町加戸119-10-32,2021-08-02
1862,赤れんが café,福井県敦賀市金ヶ崎町4-1,2021-08-02
1859,まんざらや むっちゃん,福井県福井市新田塚町701-3 Nファインシティビル1F,2021-08-02
1857,美味食楽 八張,福井県福井市高木中央2-3502-2,2021-08-02
1856,テアトロ,福井県敦賀市平和町13-20,2021-08-02
1854,焼肉・肉料理 華炎,福井県鯖江市川島町66-27-1,2021-08-02
1853,桃花園,福井県敦賀市莇生野96-8-6,2021-08-02
1851,魚忠,福井県大野市本町2-9,2021-08-02
1850,すとーりー,福井県大飯郡高浜町和田122-27-1,2021-08-02
1846,居酒屋 むげん,福井県福井市大和田2-202 opmビル104,2021-08-02
1843,Dining☆Bar Flapper,福井県福井市高木北1-1014,2021-08-02
1839,CAFE ＆ DINING EpicDays,福井県敦賀市木崎24-5-2,2021-08-02
1838,山本鮮魚店,福井県敦賀市沢68-10,2021-08-02
1836,炭焼やきとり 一番 敦賀駅前店,福井県敦賀市白銀町4-12,2021-08-02
1833,手毬,福井県福井市福町31-1 鷲田ビル1F,2021-08-02
1832,cafe & bar HIJIRI,福井県勝山市元町1丁目11-17,2021-08-02
1831,魚白木,福井県勝山市沢町1丁目6-9,2021-08-02
1829,NY BLANCHE,福井県坂井市丸岡町一本田中34-56,2021-08-02
1828,軽食喫茶 ひまわり,福井市志比口2-4-1,2021-08-02
1826,エンゼル コーヒー,福井県坂井市丸岡町下安田26-15-2,2021-08-02
1823,絆,福井県小浜市駅前町26-16-37,2021-08-02
1821,居酒屋 よっちゃん,福井県福井市渕2-820 塚谷ビル106,2021-08-02
1819,８番らーめん 敦賀木崎店,福井県敦賀市木崎4-11-2,2021-08-02
1817,みどりや,福井県鯖江市石田上町44-10,2021-08-02
1814,ミユキ,福井県小浜市駅前町4-28,2021-08-02
1812,MⅡK,福井県小浜市小浜白鬚40,2021-08-02
1811,K's Bar ZERO,福井県敦賀市清水町1丁目18-9,2021-08-02
1809,SPEAKEASY Rouge,福井県大飯郡おおい町成和2-1-113,2021-08-02
1806,中島屋,福井県福井市勝見3丁目3-14,2021-08-02
1804,越麺屋,福井県福井市黒丸町14-48-1,2021-08-02
1799,民宿 やそべ,福井県三方郡美浜町日向10-22,2021-08-02
1797,道の駅 河野,福井県南条郡南越前町大谷86-1,2021-08-02
1795,sajispace,福井県坂井市三国町川崎54-13-6,2021-08-02
1793,スナック 沙月,福井県福井市順化1-17-25 津々美第二ビル1F,2021-08-02
1792,味処 髙良,福井県坂井市丸岡町羽崎5-6-1,2021-08-02
1786,ステーキレストラン 三好楼,福井県坂井市三国町米ケ脇4-4-16,2021-08-02
1784,勝ち飯レストラン 厨ぼうず,福井県勝山市長山町1丁目5-50,2021-08-02
1783,魚山内,福井県勝山市鹿谷町保田99-5,2021-08-02
1782,サバラン,福井県勝山市元町1-6-16,2021-08-02
1780,ヨーロッパ軒 大宮分店,福井県福井市大宮3-14-11,2021-08-02
1779,悠 珈琲店,福井県福井市文京7-9-26,2021-08-02
1778,ぷーとん・麺りん,福井県福井市花堂南2-16-1 ショッピングシティベル2F,2021-08-02
1773,玉寿司,福井県あわら市春宮1-11-23,2021-08-02
1772,喫茶＆カラオケ CoCo,福井県福井市町屋1-3-5 マルタケビル1F,2021-08-02
1771,café de rimari ,福井県福井市成和2-1103,2021-08-02
1770,備長和串 いこる,福井県坂井市三国町安島64-1-51-11,2021-08-02
1769,MEVIUS,福井県福井市順化2丁目20-13 友邦ビル3F,2021-08-02
1767,カラオケ KAZU,福井県福井市町屋1-3-5 マルタケビル1F南,2021-08-02
1765,想作居酒屋 SEI,福井県福井市学園2-8-22,2021-08-02
1764,lounge 31,福井県越前市村国3丁目17-5 You上の島ビル1-E,2021-08-02
1763,スナック つくしんぼ,福井県敦賀市清水町1丁目20-17-1 Himeビル1F,2021-08-02
1762,ミスタードーナツ 堀の宮ショップ,福井県福井市文京6-33-2,2021-08-02
1761,ミスタードーナツ パリオショップ,福井県福井市松城町12-7,2021-08-02
1760,ミスタードーナツ 福井二の宮ショップ,福井県福井市二の宮3-27-22,2021-08-02
1759,ミスタードーナツ 三国イーザショップ,福井県坂井市三国東5-1-20,2021-08-02
1758,居酒屋 かかし,福井県福井市日光2丁目8-13,2021-08-02
1755,笑人堂,福井県大野市元町5-23,2021-08-02
1754,竹 留,福井県勝山市沢町1丁目7-22,2021-08-02
1753,シェ・サカイ,福井県福井市田原1-7-10 シャトレー田原101,2021-08-02
1751,焼肉 かなや,福井県丹生郡越前町梅浦84-1-3,2021-08-02
1748,かじや,福井県坂井市春江町西長田12-1,2021-08-02
1746,喫茶 パイン,福井県敦賀市白銀町1-15,2021-08-02
1745,田嶋屋,福井県大野市新庄19-19-1,2021-08-02
1742,ヌーブ,福井県丹生郡越前町西田中4-503,2021-08-02
1736,魚島田,福井県勝山市下毛屋2-7-5,2021-08-02
1735,パセリ,福井県勝山市下毛屋2-7-5,2021-08-02
1734,スナック イーズ,福井県小浜市大手町 もりしまビル2F,2021-08-02
1733,日本料理 しくら,福井県越前市蓬莱町5-10,2021-08-02
1731,タイ料理 ナームチャイ,福井県越前市府中3-14-28,2021-08-02
1730,レスト 花門,福井県坂井市丸岡町一本田5-20-1,2021-08-02
1727,ビリオン珈琲 運動公園前店,福井県福井市若杉3丁目1705,2021-08-02
1724,肴家 奏,福井県あわら市温泉3-201 あわら温泉屋台村湯けむり横丁内,2021-08-02
1723,SABAR 鯖街道小浜田烏店,福井県小浜市田烏63-14-1,2021-08-02
1722,ろくべえ,福井県越前市国高2丁目42-7,2021-08-02
1721,藤雅,福井県鯖江市日の出町2-1 駅前ビル1F,2021-08-02
1720,ごはんや Temana,福井県鯖江市丸山町1-6-25,2021-08-02
1719,Chinese Restaurant Fun,福井県福井市花堂東2丁目414,2021-08-02
1718,さくら茶屋 バロー福井南店,福井県福井市下馬3丁目418,2021-08-02
1717,tsukiatari,福井県福井市岩倉町11-6,2021-08-02
1716,カレーハウス CoCo壱番屋 敦賀本町店,福井県敦賀市本町2-7-23,2021-08-02
1714,喫茶 アゲイン,福井県福井市町屋1-2-15,2021-08-02
1711,焼肉 大元,福井県福井市若杉4-724,2021-08-02
1710,居酒屋 AJIKO,福井県大野市水落町5-12,2021-08-02
1709,まるさん屋,福井県敦賀市白銀町6-41,2021-08-02
1708,きなり,福井県大野市明倫町11-8 ポポロ.5内,2021-08-02
1706,カフェランチ ありがたや,福井県坂井市坂井町徳分田36-14-2,2021-08-02
1700,味の王様 大野店,福井県大野市美川町9-19,2021-08-02
1697,軍鶏家 おかめ,福井県越前市妙法寺町412,2021-08-02
1696,セントピアあわら 喫茶,福井県あわら市温泉4丁目-305,2021-08-02
1695,旬彩ダイニング 舎夢,福井県福井市高木中央1-2903-1,2021-08-02
1694,旬彩ダイニング 王様の食卓,福井県越前市塚町306,2021-08-02
1693,らあめん屋 みらく,福井県敦賀市白銀町11-5 アルプラザ敦賀6F,2021-08-02
1687,AQUA,福井県大野市吉野町119-1,2021-08-02
1685,喫茶 ジョイント,福井市大願寺1丁目4-17,2021-08-02
1681,酒菜屋 どんど,福井県小浜市小浜白鬚37 D-1ビル1F,2021-08-02
1678,自家製粉 十割蕎麦 生蕎庵,福井県越前市千原町7-7,2021-08-02
1671,カラオケ喫茶 エリザベス,福井県福井市舞屋町23-2,2021-08-02
1669,カフェ レボ,福井県福井市春日3丁目916-1,2021-08-02
1668,スナック 美和,福井県大野市大和町3-34,2021-08-02
1667,ビリオン珈琲 鯖江店,福井県鯖江市小黒町3丁目901,2021-08-02
1665,スナック ハッピーナイト,福井県越前市桂町4番9号,2021-08-02
1663,ダイニング＆カラオケ てっぱん,福井県勝山市滝波町2-119,2021-08-02
1662,プラチナ,福井県小浜市小浜白鬚37 D-1ビル3F,2021-08-02
1661,民なのお宿 かわもと,福井県丹生郡越前町高佐16-18-3,2021-08-02
1660,スナック コップンカー,福井県福井市順化2丁目20番17号 セレクトシティ片町3F,2021-08-02
1657,秋吉 豊岡店,福井県福井市光陽4-3-24,2021-08-02
1652,スナック アイ,福井県越前市桂町5-9,2021-08-02
1650,荒島テラス,福井県大野市蕨生137-21-1,2021-08-02
1649,Verry Berry,福井県敦賀市清水町1丁目21-18 三宅ビル2F,2021-08-02
1641,越前そば 西村屋,福井県福井市北四ツ居2丁目1-5,2021-08-02
1640,ゲスト,福井県大飯郡高浜町湯谷1-22-3,2021-08-02
1639,ネイビーブルー,福井県大飯郡おおい町本郷154-1-6,2021-08-02
1637,菜な花,福井県福井市二の宮3丁目23-32,2021-08-02
1636,軽食 おまっとさん,福井県三方上中郡若狭町気山116-22-1,2021-08-02
1635,手打ちそば処 七間本陣,福井県大野市元町3-20,2021-08-02
1634,竹下食堂,福井県南条郡南越前町東大道28-8-7,2021-08-02
1633,福井県自治会館食堂,福井県福井市西開発4-202-1,2021-08-02
1631,キッチンラグー,福井県小浜市竜前5-13-1,2021-08-02
1629,こんぴら亭 本店,福井県福井市問屋町4-117,2021-08-02
1627,BEATO,福井県福井市文京6-21-17,2021-08-02
1626,美術館喫茶室 ニホ,福井県福井市文京3-16-1,2021-08-02
1625,和風料理 美の正,福井県敦賀市津内町2-8-8,2021-08-02
1621,魚清,福井県鯖江市北中町23-33,2021-08-02
1620,urarabi,福井県福井市順化2-12-14 プリンスビル301,2021-08-02
1618,めん亭 いろは栄,福井県大野市春日155-14-1,2021-08-02
1617,コメダ珈琲店 大野インター店,福井県大野市中保9-14-1,2021-08-02
1612,割烹 加藤,福井県越前市高瀬1-3-32,2021-08-02
1611,希望,福井県越前市国府1丁目10-25,2021-08-02
1610,寿しひろ,福井県福井市御幸3丁目9₋7,2021-08-02
1609,Cafe はぁとの葉っぱ,福井県坂井市三国町北本町2-1-20 三国駅舎内,2021-08-02
1607,焼肉 輝,福井県大野市春日174-7-6,2021-08-02
1606,喫茶室 ベル・カフェ,福井県あわら市温泉5-1502,2021-08-02
1603,カフェメルカード ミサキ,福井県小浜市大手町7-1,2021-08-02
1601,カラオケ喫茶 ゆうらん,福井県三方郡美浜町早瀬1-5,2021-08-02
1600,新バリバリ,福井県福井市光陽2-1-19,2021-08-02
1599,福彩り食堂 のむら屋,福井県勝山市元町2丁目13-32,2021-08-02
1598,お食事処 味美家,福井県福井市日之出1-17-20,2021-08-02
1594,カメハメハ大農場の農家カフェ&スイーツ,福井県あわら市温泉1丁目210,2021-08-02
1590,カフェ・ド リド,福井県福井市舟橋新1-205,2021-08-02
1586,お食事処 佳,福井県鯖江市杉本町30-14-3,2021-08-02
1585,はんなり鮨,福井県坂井市三国町加戸119-17-15,2021-08-02
1584,スナック 麗,福井県勝山市滝波町2丁目304-1,2021-08-02
1583,焼肉たむら 福井大和田店,福井県福井市大和田2-422,2021-08-02
1582,カラオケ喫茶 永遠,福井県越前市北府2丁目15-15,2021-08-02
1581,ブックカフェ ゴドー,福井県越前市府中1-9-19,2021-08-02
1580,九・九八,福井県福井市福1丁目1609,2021-08-02
1579,旬彩割烹 吟楽,福井県福井市二の宮4-46-25,2021-08-02
1578,小料理 おそめ,福井県越前市京町1-4-35,2021-08-02
1577,ORENO 燻 IBUSHI,福井県大野市有明町19-10,2021-08-02
1575,焼肉 銀月,福井県坂井市丸岡町霞町2-16-13,2021-08-02
1574,そば処 風りん亭,福井県坂井市春江町随応寺16-11 アル・プラザアミ店内,2021-08-02
1572,魚味創房 のの庵,福井県福井市文京5-13-33,2021-08-02
1571,アロマハウス,福井県福井市文京3-10-10,2021-08-02
1570,大森料亭,福井県坂井市丸岡町本町3-41,2021-08-02
1568,マロンパラダイス,福井県坂井市春江町江留上昭和139,2021-08-02
1567,チポラ,福井県大野市中荒井町2-418,2021-08-02
1565,めん屋 ここ,福井県敦賀市本町1丁目10-4,2021-08-02
1564,カラオケ喫茶 ちゃちゃ,福井県福井市文京1-24-10,2021-08-02
1562,福禄寿し,福井県敦賀市若葉町1-1531 日本海さかな街内A棟,2021-08-02
1559,スナック きよmi,福井県敦賀市清水町1丁目18-9 神原ビル2F,2021-08-02
1557,カフェ＆スナック 麗,福井県大野市春日3丁目19-9,2021-08-02
1551,スナック 浪,福井県小浜市小浜竜田7,2021-08-02
1546,焼肉 喰太呂（福井市）,福井県福井市文京6-20-2,2021-08-02
1544,こっしぇるん。 かふぇ,福井県鯖江市水落町25-28 文化の館内,2021-08-02
1540,カラオケ喫茶 さんぽみち,福井県福井市杉谷町23-44-4,2021-08-02
1534,Industrial shop&Bar Craft,福井県福井市春山1丁目7-12 エレガント春山1F,2021-08-02
1533,お好み焼 彩か,福井県丹生郡越前町天王20-4-23,2021-08-02
1532,カフェ ラグタイム クラシックス,福井県越前市幸町4-7,2021-08-02
1531,和田屋,福井県福井市今市町1-9,2021-08-02
1530,食事処 潤,福井県敦賀市鋳物師町5-23,2021-08-02
1528,居酒屋 Ｊ,福井県大野市神明町203,2021-08-02
1527,居酒屋 楽家,福井県大野市若杉町1112,2021-08-02
1524,はなまるうどん 福井開発店,福井県福井市開発4丁目407-1,2021-08-02
1521,レストラン ジャムハウス,福井県越前市芝原5-20-24,2021-08-02
1520,酒房 ぼんくら,福井県福井市順化2-20-2 エルミオーレビル2F,2021-08-02
1517,福井競輪売店組合,福井県福井市明里町2-65,2021-08-02
1512,Woo kYon's Kitchen,福井県あわら市温泉5-1302 ハイム松月101号,2021-08-02
1509,お食事処 あらいそ,福井県南条郡南越前町糠11-9,2021-08-02
1507,民宿 与利喜,福井県南条郡南越前町糠106-1-11,2021-08-02
1503,旅館 はま屋,福井県南条郡南越前町糠12-9,2021-08-02
1501,民宿 たまむら,福井県南条郡南越前町糠12-14,2021-08-02
1498,うみの宿 さへい,福井県南条郡南越前町糠12-21,2021-08-02
1496,御宿・お食事処 小鉄,福井県丹生郡越前町午房ヶ平19鎌岩34,2021-08-02
1489,彦亭,福井県あわら市大溝1-27-45,2021-08-02
1484,ららら,福井県福井市日光2-16-9,2021-08-02
1482,きはち屋 学園店,福井県福井市学園2-12-13,2021-08-02
1481,海鮮アトム 若杉店,福井県福井市若杉3-1703,2021-08-02
1479,割烹 峰,福井県勝山市郡町1-230,2021-08-02
1478,北陸 福井 あわら温泉 美松,福井県あわら市舟津26-10,2021-08-02
1477,さんじのおやつ（うさぎぐみ）,福井県福井市松城町12-7 パリオCiTY2F フードコート内,2021-08-02
1474,お食事＆喫茶 ゆかり,福井県勝山市元町3丁目6-23,2021-08-02
1473,Riz et R,福井県丹生郡越前町内郡14-8,2021-08-02
1472,kitchen house GARBO,福井県小浜市駅前町7-5 2F,2021-08-02
1471,扇屋旅館,福井県大野市泉町6-10,2021-08-02
1469,道とん掘 高木店,福井県福井市高木中央1-106,2021-08-02
1468,越前そば処 勝食,福井県勝山市郡町1丁目264,2021-08-02
1467,Cafeteria 味菜,福井県福井市文京3-9-1,2021-08-02
1465,漁火の宿しまや,福井県丹生郡越前町茂原5-13,2021-08-02
1464,夜かん飛紅,福井県小浜市小浜酒井1番12,2021-08-02
1460,アイザワ商店,福井県小浜市加茂78-5,2021-08-02
1459,カラオケCAFÉ＆snack 笑,福井県福井市日之出5-9-10 黒川マンション1F,2021-08-02
1457,群青,福井県福井市大和田1丁目101番地,2021-08-02
1452,宝来屋,福井県小浜市上野30-22-1,2021-08-02
1451,酒楽旬魚 ごう 鯖江店,福井県鯖江市五郎丸町235,2021-08-02
1447,上々屋 舞屋店,福井県福井市舞屋町2-13,2021-08-02
1444,ニューサンピア敦賀,福井県敦賀市呉羽町2番地,2021-08-02
1442,かくれんぼ,福井県小浜市駅前町19-40-3,2021-08-02
1441,Ray,福井県小浜市小浜酒井56,2021-08-02
1440,魚玉木,福井県勝山市芳野町1丁目4-9,2021-08-02
1439,旅館 金森,福井県三方郡美浜町日向10-65,2021-08-02
1436,ラポーゼかわだ お食事処ほたる,福井県鯖江市上河内町19-37-2,2021-08-02
1434,道の駅 一乗谷あさくら水の駅,福井県福井市安波賀中島町1-1-1,2021-08-02
1429,きはちらくはち やしろ店,福井県福井市渕2-1005,2021-08-02
1425,きはちらくはち 花堂店,福井県福井市花堂北1-12-25 2F,2021-08-02
1421,牛角 羽水店,福井県福井市羽水1-607-1,2021-08-02
1417,マクドナルド 27号小浜店,福井県小浜市遠敷8₋702₋4,2021-08-02
1416,民宿 平田かざえもん,福井県大飯郡高浜町和田122-2-1,2021-08-02
1415,Steak&Wine ぼたん亭,福井県敦賀市新松島町3-8,2021-08-02
1410,名水手打そば お清水,福井県大野市泉町3-8,2021-08-02
1407,坂井市竹田農山村交流センター ちくちくぼんぼん,福井県坂井市丸岡町山口60-8,2021-08-02
1401,８番らーめん 御幸店,福井県福井市御幸3-16-31,2021-08-02
1399,浄法寺屋,福井県大野市本町6-24,2021-08-02
1390,sobar's,福井県越前市府中1-12-2,2021-08-02
1388,ガスト 福井坂井店,福井県坂井市坂井町下新庄16-25,2021-08-02
1386,トマトアンドオニオン 高木店,福井県福井市高木中央2-3410,2021-08-02
1385,トマトアンドオニオン 三国イーザ店,福井県坂井市三国町三国東5-1-20,2021-08-02
1384,トマトアンドオニオン 小浜店,福井県小浜市和久里11号石塔前22,2021-08-02
1383,トマトアンドオニオン 敦賀木崎店,福井県敦賀市木崎12号,2021-08-02
1381,じゅうじゅうカルビ 福井南店,福井県福井市江守中1丁目1810,2021-08-02
1372,楓,福井県勝山市鹿谷町発坂11-37,2021-08-02
1368,Vecchietta,福井県福井市加茂河原1-4-5,2021-08-02
1364,スキージャム勝山 グランドカフェ,福井県勝山市170-70,2021-08-02
1363,スキージャム勝山 伊炉里,福井県勝山市170-70,2021-08-02
1362,スキージャム勝山 ウインドブレイク,福井県勝山市170-70,2021-08-02
1361,きざき旅館,福井県小浜市塩竈60,2021-08-02
1353,しゃぶしゃぶ温野菜 敦賀店,福井県敦賀市若葉町1-1555,2021-08-02
1342,カフェ＆ランチ 室,福井県勝山市立川町1-16-16,2021-08-02
1340,魚処 定吉,福井県敦賀市蓬莱町17-25 2F,2021-08-02
1339,長兵衛,福井県勝山市片瀬町2-515,2021-08-02
1338,コーヒーハウス COCO,福井県福井市みのり4-6-7,2021-08-02
1337,ティラウンジ 亜茶,福井県大野市国時町1012,2021-08-02
1336,カラオケ喫茶 ニューアマーレ,福井県福井市下江守町4-10-2,2021-08-02
1331,魚きん 野呂魚店,福井県大野市木本58-23,2021-08-02
1329,すなっく きみchan,福井県小浜市小浜清滝92,2021-08-02
1328,kitchen＆Bar OPEN UP,福井県大野市元町2-16,2021-08-02
1326,コーヒーハウス ホームズ,福井県福井市河増町21-60-3,2021-08-02
1322,与平寿司,福井県坂井市三国町神明2-1-20,2021-08-02
1321,中村商店,福井県小浜市水取1-5-6,2021-08-02
1319,野坂鮮魚店,福井県福井市石盛2丁目2005,2021-08-02
1318,うたごえ喫茶 ふれあい 丸岡店,福井県坂井市丸岡町東洋2-92,2021-08-02
1317,うたごえ喫茶 ふれあい 大野店,福井県大野市中挾1-1407,2021-08-02
1312,茶屋 希舟,福井県小浜市小浜貴船68-2,2021-08-02
1309,料理・仕出し おなが,福井県福井市半田町4-32,2021-08-02
1304,プラス1,福井県福井市みのり4-12-6,2021-08-02
1300,中華 寿楽,福井県福井市文京3-14-1 明春コーポ105,2021-08-02
1298,スナック きゃっつ愛,福井県小浜市小浜住吉28 吉田ビル1F,2021-08-02
1297,ダイニングカラオケ 東煬（トウヨウ）,福井県敦賀市神楽町1丁目1-11,2021-08-02
1295,ファストフード 和洋菓子 あかお,福井県小浜市駅前町6-38,2021-08-02
1294,マクドナルド 春江店,福井県坂井市春江町随応寺23-10-1,2021-08-02
1293,いろは,福井県越前市粟田部町31-19,2021-08-02
1291,ＭiMi,福井県福井市毛矢3-2-2,2021-08-02
1289,若竹食堂,福井県越前市深草2-2-11,2021-08-02
1288,かつ昇,福井県坂井市坂井町蔵垣内32-19-10,2021-08-02
1286,29BAR million,福井県小浜市小浜竜田20-2,2021-08-02
1282,カラオケ 鶯,福井県勝山市遅羽町ほうき52-1,2021-08-02
1270,８番らーめん 大野店,福井県大野市陽明町3-607,2021-08-02
1269,居酒屋 桃太郎,福井県坂井市丸岡町一本田27-12-14,2021-08-02
1264,スナック みどり,福井県大野市弥生町7-20 サミットビル パート2,2021-08-02
1263,おおい町情報交差点 ぽーたる,福井県大飯郡おおい町本郷153-26-1,2021-08-02
1262,寿司 魚新,福井県あわら市舟津48-19-5,2021-08-02
1261,蕎麦屋 竹もり,福井県敦賀市野神26-4-11,2021-08-02
1256,Refrein,福井県福井市順化2-20-1 ランドマーク3F,2021-08-02
1253,ワインと熟成牛タン 刻 ～Toki～,福井県福井市若杉1-2921 エリジオン若杉101,2021-08-02
1252,salon de 紅,福井県福井市順化2丁目20-14 ワコーKプラザビル1F,2021-08-02
1250,kitchen Giocatore,福井県越前市高瀬2-3-3,2021-08-02
1249,ふぐ料理 五作荘,福井県大飯郡高浜町和田131-16-1,2021-08-02
1248,イタリア料理店 Grosso,福井県福井市西谷2-2709,2021-08-02
1247,Soin,福井県福井市高木2-112-3,2021-08-02
1238,イタリア料理 LINO,福井県坂井市丸岡町霞町1-23,2021-08-02
1237,紅鈴蘭,福井県福井市福町1-2705,2021-08-02
1233,Luce,福井県福井市順化2-13-14 コパビル2F,2021-08-02
1231,料亭 丹巖洞,福井県福井市加茂河原1丁目5-12,2021-08-02
1227,GRACE グレイス,福井県小浜市小浜酒井1-63 村上ビル1F,2021-08-02
1225,J’ADORE,福井県福井市順化2-13-1,2021-08-02
1219,Lounge SAYA,福井県福井市順化1-17-5,2021-08-02
1210,秋吉 橋南店,福井県福井市みのり2-3-15,2021-08-02
1209,びっくりドンキー 福井開発店,福井県福井市西開発2-101-3,2021-08-02
1208,勝山ニューホテル,福井県勝山市片瀬町2-114,2021-08-02
1207,秋吉 勝山店,福井県勝山市本町1-3-6,2021-08-02
1204,MODERN GIRL,福井県福井市順化2-12-19 プラチナビル4F402,2021-08-02
1197,あわら北潟温泉 hanaゆらり,福井県あわら市北潟211,2021-08-02
1196,ニシムラカフェ 春江店,福井県坂井市春江町随応寺25-1 ハーツはるえ,2021-08-02
1195,浪路旅館,福井県三方郡美浜町久々子47-38,2021-08-02
1190,Lounge Salon,福井県福井市順化2-20-2 エルミオーレビル2F,2021-08-02
1189,ホテル アーバンポート,福井県小浜市小浜白鳥72-1,2021-08-02
1188,四季彩の宿 花椿,福井県小浜市小浜白鳥72-1,2021-08-02
1181,旬彩肉焼居酒屋 ぼんた,福井県福井市大和田2丁目401,2021-08-02
1180,個室居酒屋 ぼんた 本店,福井県福井市二の宮2丁目8番75号,2021-08-02
1179,若杉末広亭,福井県小浜市大手町8-5,2021-08-02
1178,魚北野,福井県越前市住吉町9-23,2021-08-02
1177,スナック 匠,福井県小浜市清滝86-2,2021-08-02
1174,徳兵衛,福井県勝山市郡町3-101,2021-08-02
1170,マルケーボート,福井県大飯郡高浜町 若狭和田ビーチ,2021-08-02
1167,阿さひ旅館,福井県大野市錦町5-12,2021-08-02
1166,魚民 武生駅前店,福井県越前市府中1-11-2 アル・プラザ武生1F,2021-08-02
1163,スキージャム勝山 バーベキューガーデン,福井県勝山市170-70,2021-08-02
1161,入舟,福井県三方郡美浜町日向47-46,2021-08-02
1160,スナック 荘苑,福井県小浜市駅前町8-20,2021-08-02
1159,珈琲館,福井県福井市大町2-1009 フローデンハイツ102,2021-08-02
1158,カフェ ふたば,福井県福井市二の宮3-36-13,2021-08-02
1154,カレーハウス CoCo壱番屋 福井つくし野店,福井県福井市石盛町914,2021-08-02
1152,民宿 萬谷,福井県三方郡美浜町日向47-14,2021-08-02
1146,日本料理 いたや,福井県坂井市三国町新保45-1-1,2021-08-02
1143,喰楽酒場 えにしや,福井県福井市渕4-2807,2021-08-02
1137,たにでの店 日本海さかな街店,福井県敦賀市若葉町1-1531,2021-08-02
1135,アプロディール 華双寿,福井県小浜市小浜日吉75,2021-08-02
1132,旅館 またべゑ,福井県三方郡美浜町日向47-51,2021-08-02
1130,秋吉 種池店,福井県福井市種池2-712,2021-08-02
1128,だるま,福井県小浜市駅前町2-3,2021-08-02
1127,木の芽屋,福井県福井市小山谷町33-4-14,2021-08-02
1123,潮富荘,福井県大飯郡高浜町日引5-3,2021-08-02
1119,(株) 南部酒造場（花垣酒蔵BAR）,福井県大野市元町6番9号,2021-08-02
1101,秋吉 大野店,福井県大野市春日3-1-31,2021-08-02
1100,華づな,福井県福井市西谷1丁目1201,2021-08-02
1097,呑み唄い キララPark,福井県小浜市駅前町3-15 1F,2021-08-02
1090,スナック Lan,福井県小浜市小浜広峰87 人見ビル2F,2021-08-02
1083,南川荘,福井県大飯郡おおい町名田庄三重52-18-1,2021-08-02
1068,千束そば,福井県敦賀市清水町1-20-8,2021-08-02
1065,海鮮アトム 和田店,福井県福井市和田東2-1102,2021-08-02
1063,海鮮アトム 大和田エルパ店,福井県福井市大和田2丁目1212番地,2021-08-02
1062,海鮮アトム 花堂ベル店,福井県福井市花堂南2-16-1,2021-08-02
1059,カラオケ喫茶＆居酒屋 遊歌の駅,福井県丹生郡越前町朝日4-15-1,2021-08-02
1058,ダンス夢パブ,福井県坂井市三国町梶10-4,2021-08-02
1056,natural kitchen SAL,福井県福井市真木町104-12,2021-08-02
1055,ミスタードーナツ 福井エルパショップ,福井県福井市大和田2丁目1212番地,2021-08-02
1054,焼鳥 とまり木,福井県坂井市丸岡町霞町3-1-5,2021-08-02
1052,ミスタードーナツ 福井ベルショップ,福井県福井市花堂南2-16-1,2021-08-02
1051,ミスタードーナツ 敦賀ショップ,福井県敦賀市木崎17-14,2021-08-02
1050,ミスタードーナツ 小浜ショップ,福井県小浜市遠敷9-501,2021-08-02
1049,ミスタードーナツ 武生楽市ショップ,福井県越前市横市町28-14-1,2021-08-02
1048,道の駅 うみんぴあ大飯,福井県大飯郡おおい町成海1-1-2,2021-08-02
1047,蕎麦屋 十九,福井県福井市二の宮3-23-20,2021-08-02
1046,串蔵 夢GEN,福井県福井市若杉町11-8-1,2021-08-02
1044,KOMACHI,福井県福井市順化2-20-1 ランドマークビル5F,2021-08-02
1042,天下一品 福井二の宮店,福井県福井市二の宮2-8-69,2021-08-02
1041,(株) やまに,福井県坂井市三国町安島64-1,2021-08-02
1040,iL bosco イル・ボスコ,福井県福井市二の宮3-13-23,2021-08-02
1039,福そば 陽明店,福井県大野市友江13,2021-08-02
1037,(株) 越前三国湊海船や,福井県坂井市三国町安島64-1-1,2021-08-02
1036,居酒屋 天狗,福井県あわら市二面3-705,2021-08-02
1035,和庵 こころ,福井県越前市高瀬1丁目25-18,2021-08-02
1034,はなはす温泉 そまやま はす乃家,福井県南条郡南越前町中小屋60-1,2021-08-02
1032,フィオレンティーナ,福井県福井市文京5-14-32 文京パセオ1F,2021-08-02
1031,ミスタードーナツ ワッセショップ,福井県福井市久喜津町52-11,2021-08-02
1030,ミスタードーナツ 春江アミショップ,福井県坂井市春江町随応寺16-11,2021-08-02
1029,Dining・まんまや,福井県小浜市四谷町9-22 PARK101 3F,2021-08-02
1028,そば処 おばちゃんの店,福井県南条郡南越前町今庄9-13,2021-08-02
1027,グリル ラセール,福井県福井市大宮4-14-18,2021-08-02
1026,カラオケ・スナック 白菊,福井県坂井市丸岡町西里丸岡7-12-2,2021-08-02
1025,シーフードレストラン オーシャンズ,福井県福井市西開発3-111,2021-08-02
1024,ひで屋だいにんぐ,福井県小浜市駅前町26-16-16,2021-08-02
1023,一八寿し,福井県福井市若杉4丁目305,2021-08-02
1021,かに喰亭 ますよね,福井県敦賀市若葉町1-1531,2021-08-02
1019,寿司・和食 はな蔵,福井県福井市文京6-21-12,2021-08-02
1017,焼肉 風風,福井県坂井市丸岡町朝陽1-310-1,2021-08-02
1016,丸仙 幾久支店,福井県福井市二の宮3丁目2-14,2021-08-02
1015,パティスリー アン・ヴェルヴ,福井県大飯郡高浜町南団地1-2-2,2021-08-02
1014,和掬び,福井県越前市東千福町7-10 ヴェニュー英々ビル1F,2021-08-02
1013,秋吉 春江店,福井県坂井市春江町江留下高道123,2021-08-02
1011,ユトリ珈琲店 勝山店,福井県勝山市元町1丁目7-28 勝山サンプラザ1F,2021-08-02
1010,ホロイムア珈琲,福井県福井市加茂緑苑町609-3,2021-08-02
1008,ルテカフェ ベーカリー＆スイーツ アピタ福井大和田店,福井県福井市大和田2丁目1230番地 アピタ福井大和田店2F,2021-08-02
1007,別邸 たち太,福井県大飯郡高浜町事代1-37,2021-08-02
1005,焼肉問屋 たつりき,福井県福井市高木中央3-304,2021-08-02
1004,カレーハウス CoCo壱番屋 武生8号バイパス店,福井県越前市横市町34-5,2021-08-02
0995,山奥チョコレート 日和,福井県福井市山奥町58-85-1,2021-08-02
0991,伊食堂 Arancia,福井県福井市順化1-16-20 アパホテル福井片町アネックス1F,2021-08-02
0987,DUFFTOWN,福井県福井市順化1-10-3 寿々屋第二ビル２F,2021-08-02
0978,筋斗雲チキン ひがしの,福井県小浜市多田12-1,2021-08-02
0977,８番らーめん 勝山店,福井県勝山市郡町2-7-22,2021-08-02
0976,大和,福井県越前市横市町34-14-1 2F 大和,2021-08-02
0974,遊亀庵 かめや,福井県越前市東千福町27-37,2021-08-02
0973,(株) 平成大野屋 はいから茶屋,福井県大野市元町1-2,2021-08-02
0972,カレーハウス CoCo壱番屋 福井小浜店,福井県小浜市府中15-26,2021-08-02
0971,TABIYUKI CAFE,福井県坂井市丸岡町西里丸岡10-18 セントラルプラザ1F,2021-08-02
0970,麺屋 暁,福井県福井市文京6-35-17,2021-08-02
0969,魚南部,福井県勝山市栄町1-3-15,2021-08-02
0967,遊食楽呑 かんきち 武生楽市店,福井県越前市横市28-14-1 武生楽市2F,2021-08-02
0966, I (あい）,福井県福井市順化2-20-20,2021-08-02
0963,割烹 よしのり,福井県鯖江市丸山町1-3-13,2021-08-02
0961,SAURUS KITCHEN（ザウルスキッチン）,福井県勝山市村岡町寺尾51-11 恐竜の森ジオターミナル内,2021-08-02
0960,ユトリ珈琲店 アオッサ店,福井県福井市手寄1-4-1 AOSSAビル1F,2021-08-02
0959,ユトリ珈琲店 和田店,福井県福井市和田2丁目101,2021-08-02
0958,おもちの母屋,福井県今立郡池田町稲荷37-8-1,2021-08-02
0957,酒呑み処 LIT,福井県敦賀市津内町1-4-21,2021-08-02
0956,ユトリ珈琲店 武生店,福井県越前市芝原3丁目4-19,2021-08-02
0954,とんとんりう,福井県小浜市南川町16-21,2021-08-02
0952,麺めん処 聴琴亭,福井県鯖江市下新庄町63-44,2021-08-02
0951,イタリアン&手造りパン工房 ボンジョルノ,福井県福井市定正町1315-2,2021-08-02
0950,ドトールコーヒーショップ アル・プラザ鯖江店,福井県鯖江市下河端町16-16-1,2021-08-02
0949,やきとり 玄達,福井県福井市日光2丁目13-14,2021-08-02
0948,Croffle&Tapioka PEARL DOGS CAFE.,福井県福井市大和田2-1230 アピタ福井大和田店 1F シネマ棟,2021-08-02
0947,MaMaya Kitchen,福井県大野市清和町204,2021-08-02
0946,うな信,福井県福井市毛矢1丁目7-22,2021-08-02
0945,加藤商店,福井県大野市伏石13-5,2021-08-02
0944,ますよね お食事処 まごころ屋,福井県福井市大和田1-101,2021-08-02
0942,だいだい珈琲,福井県福井市栄町14-7,2021-08-02
0941,まんま屋 季ての,福井県福井市大宮4-14-18 ストリート大宮102,2021-08-02
0940,手打ちうどん 真邑,福井県大野市中保9-12-19,2021-08-02
0939,お食事処 しもむら,福井県大野市新庄15-22-2,2021-08-02
0938,Rose Cafe 風のガーデン,福井県越前市芝原5丁目14-54,2021-08-02
0936,炭焼戦隊 あいろんセブン,福井県敦賀市平和町9-13,2021-08-02
0935,大久保茶屋,福井県福井市小山谷町34-9,2021-08-02
0934,和食麺処 サガミ 敦賀店,福井県敦賀市木崎21-5,2021-08-02
0932,れかん レストラン,福井県敦賀市櫛林25-3-6,2021-08-02
0931,CHILL CAFE.,福井県敦賀市山泉73-709,2021-08-02
0930,味・一休,福井県三方郡美浜町久々子80-3,2021-08-02
0928,松寿司 総本店,福井県福井市宝永4丁目6-25,2021-08-02
0927,茶蔵,福井県敦賀市木崎51-38-1,2021-08-02
0926,喫茶 ぷりぷり,福井県越前市横市町39-8-3 プリンスホテルタケフ内,2021-08-02
0925,風の街 わらべ 鯖江店,福井県鯖江市北野町18-8,2021-08-02
0923,まるきんそば,福井県越前市今宿町1-2-4,2021-08-02
0922,とんとんびょうし 武生店,福井県越前市横市町39-8-3,2021-08-02
0918,金重,福井県福井市島寺町53-6,2021-08-02
0915,和・伊・酒・場 だんらん,福井県大野市月美町3-10,2021-08-02
0914,お好み焼き ひろの,福井県大野市陽明町1-303,2021-08-02
0913,若桜 さかなやカフェ＆バル さくら,福井県あわら市春宮1-9-37,2021-08-02
0912,L'ajitto ラジット,福井県福井市高木中央1-2101 プチドラゴン1F,2021-08-02
0911,初味寿司 本店,福井県福井市みのり2-3-12,2021-08-02
0910,野平寿司,福井県福井市浅水二日町120-7,2021-08-02
0909,あすわの木,福井県福井市下馬町51-11 福井県立図書館内,2021-08-02
0908,亀蔵,福井県鯖江市東鯖江1-1-3 MM6ビル1F,2021-08-02
0907,カレーハウス CoCo壱番屋 福井開発店,福井県福井市開発3-316,2021-08-02
0905,シェ・ピノリ,福井県福井市南四ツ居1丁目913,2021-08-02
0902,ダウンビート,福井県坂井市三国町安島東尋坊64-1-185,2021-08-02
0901,そば処 食事処 てんつる,福井県坂井市三国町宿3丁目1-34,2021-08-02
0899,とんとんびょうし 敦賀店,福井県敦賀市木崎14-25,2021-08-02
0898,麺屋 鶏っぷ,福井県越前市上太田町23-9-11,2021-08-02
0897,そばの郷 池田屋,福井県今立郡池田町土合皿尾14-7-1,2021-08-02
0896,ロイハパンケーキハウス 大和田,福井県福井市大和田2-202 opm102,2021-08-02
0895,居酒屋 みーちゃん,福井県鯖江市有定町2-4-29 有定ビル102,2021-08-02
0893,大久保茶屋はなれ ごはんカフェ 森の音,福井県福井市足羽上町147-2,2021-08-02
0892,GATTA NERA,福井県鯖江市幸町2-5-23,2021-08-02
0891,桜花亭,福井県小浜市四谷町6-1,2021-08-02
0890,光夏,福井県福井市二の宮3-35-12,2021-08-02
0889,こはく,福井県坂井市三国町安島64-1-43,2021-08-02
0888,Lounge Lily,福井県福井市八重巻町306番地1 102号,2021-08-02
0886,モモンガコーヒー,福井県大野市元町8-17,2021-08-02
0885,タルティーナ,福井県福井市高木中央1-2807,2021-08-02
0884,インド ネパール キッチン SHIVA,福井県福井市学園2丁目10-16,2021-08-02
0882,熟成かつ 天膳 板垣店,福井県福井市木田2-2106,2021-08-02
0868,お多福食堂,福井県越前市庄町21-5-3,2021-08-02
0867,コミュニティーリゾート リライム 2階 しのぶえ,福井県福井市開発5丁目1207番地,2021-08-02
0866,韓国厨房 セナラ,福井県福井市開発3-2509,2021-08-02
0865,手づくりおにぎり 口喜,福井県越前市中央1-7-14,2021-08-02
0864,KYU CAFÉ  ,福井県福井市開発2-710 野坂ビル1F,2021-08-02
0862,カフェ・ボワ,福井県大飯郡高浜町和田168-20-1,2021-08-02
0861,あばん亭,福井県小浜市本保23-26,2021-08-02
0860,焼肉 ぎんじ,福井県福井市米松1丁目15-28,2021-08-02
0859,おいで康,福井県福井市堀ノ宮1-325,2021-08-02
0858,博多若鳥,福井県福井市渕4-1107,2021-08-02
0857,たからや,福井県福井市新田塚1丁目25-1,2021-08-02
0856,アメリカンレストラン イーワイズ,福井県福井市大和田2丁目518,2021-08-02
0854,居酒屋 きんた,福井県三方上中郡若狭町熊登野38-13-1,2021-08-02
0853,季節料理 海幸,福井県坂井市三国町三国東3-12-21,2021-08-02
0852,Green Haibe Café,福井県福井市大和田1-402,2021-08-02
0851,ナガタカフェ,福井県小浜市小浜香取14,2021-08-02
0849,さのや,福井県福井市徳光町34-48,2021-08-02
0847,コミック,福井県大野市大和町4-20,2021-08-02
0846,cher（シエル）,福井県福井市日光2-1-8 日光レジデンス1F,2021-08-02
0845,(有) 豊莱園,福井県越前市千福町220,2021-08-02
0844,お好みハウス セレネ・帛,福井県鯖江市日の出町1-18,2021-08-02
0842,韓国市場 力,福井県敦賀市若葉町1-1531 日本海さかな街内,2021-08-02
0841,とよしま焼肉,福井県福井市豊島1-6-14,2021-08-02
0840,桜すし 二の宮店,福井県福井市二の宮3-1-22,2021-08-02
0839,cafe ゆいまーる,福井県越前市岩本町6-2-3,2021-08-02
0836,お食事茶屋 やまよし,福井県福井市西谷1-1702,2021-08-02
0833,鉄板味芸 もぐら,福井県越前市家久町58-11-1,2021-08-02
0831,千舟,福井県坂井市三国町安島64-1,2021-08-02
0830,スナック EVE,福井県越前市桂町3-16,2021-08-02
0829,そば処 まつや,福井県勝山市平泉寺町平泉寺65-7,2021-08-02
0828,味ごよみ 晴天,福井県福井市成和2-1113-2,2021-08-02
0827,スナック ひまわり,福井県福井市学園2-1-23,2021-08-02
0824,九龍,福井県坂井市丸岡町御幸1-31-5,2021-08-02
0823,お好み焼き・鉄板焼 田ご,福井県福井市米松1-16-32,2021-08-02
0820,煉瓦館,福井県福井市順化1-12-12 シャングリラビル3F,2021-08-02
0818,服部,福井県勝山市鹿谷町保田97-23,2021-08-02
0817,茶里夢,福井県敦賀市若葉町1-1531 ,2021-08-02
0812,椿屋,福井県福井市二の宮3-26-19,2021-08-02
0811,海鮮・肉料理 ぴーぷ留,福井県鯖江市丸山町2-1-26,2021-08-02
0808,カラオケ喫茶 ぽんぽん,福井県福井市下荒井町18-14,2021-08-02
0807,焼肉 野路,福井県吉田郡永平寺町松岡葵1-75-5,2021-08-02
0806,台湾料理 萬来,福井県敦賀市三島町1-16-36,2021-08-02
0805,割烹旅館 かねまつ,福井県小浜市湊8-13-3,2021-08-02
0804,(有) 村上そば店,福井県福井市花月5-1-45,2021-08-02
0803,せっちゃんの店,福井県勝山市本町1-6-30,2021-08-02
0802,茶房 周遊池,福井県坂井市三国町安島59-50-15,2021-08-02
0801,カルビ大将 春江店,福井県坂井市春江町随応寺23-8,2021-08-02
0800,瑞香園,福井県あわら市山十楽53-2-11,2021-08-02
0799,御食事処 柊,福井県勝山市郡町3-503,2021-08-02
0797,朝日風月堂 (株),福井県丹生郡越前町西田中8-34,2021-08-02
0796,樽鮨,福井県坂井市春江町為国幸11-4,2021-08-02
0795,炭火焼肉 ばんぶう,福井県敦賀市木崎14-24,2021-08-02
0794,ブルーライト・あさこ,福井県福井市文京7-8-1,2021-08-02
0793,八丁野,福井県敦賀市津内町1-8-27,2021-08-02
0792,おふくろ寿司,福井県鯖江市新横江1丁目2-207,2021-08-02
0791,焼肉 れもん亭,福井県越前市幸町7-15,2021-08-02
0790,居酒屋 きたご,福井県越前市本多3-2-8,2021-08-02
0789,とんぼ食堂,福井県坂井市丸岡町松川1-162,2021-08-02
0787,山うにの里 ほやっ停,福井県鯖江市莇生田町12-1-1,2021-08-02
0785,しゃぶしゃぶ・ 焼肉・ すき焼き 鶴や,福井県坂井市丸岡町一本田6-36,2021-08-02
0784,一品料理 栄丸,福井県福井市田原2-19-27,2021-08-02
0783,スナック 静,福井県勝山市滝波町4-201,2021-08-02
0782,スィート・ハウス,福井県大野市本町2-3,2021-08-02
0781,あたらしや,福井県福井市足羽1丁目8-45,2021-08-02
0780,与門,福井県福井市北四ツ居町14-17-1,2021-08-02
0775,肴菜屋 いろは,福井県福井市田原1-12-7 イズノテントB号,2021-08-02
0774,KYU KYU KYU ,福井県福井市順化2-7-6,2021-08-02
0772,たけだ亭,福井県坂井市三国町安島64-1-66,2021-08-02
0770,松屋 越前千福店,福井県越前市千福町29,2021-08-02
0769,CAFE AND RESTAURANT HUTTE,福井県勝山市郡町2-40,2021-08-02
0768,松屋 福井大和田店,福井県福井市大和田2-1304,2021-08-02
0767,松屋 福井御幸店,福井県福井市御幸4-20-8,2021-08-02
0766,NECOYA,福井県勝山市上高島12-2,2021-08-02
0765,J（ジェイ）,福井県福井市順化1-16-18 片町ステーションビル3F,2021-08-02
0763,是・空 高木店,福井県福井市高木中央1-309-1,2021-08-02
0762,らーめん 岩本屋 春江店,福井県坂井市春江町江留中39-10-1,2021-08-02
0761,らーめん 岩本屋 大宮店,福井県福井市大宮4-1-5,2021-08-02
0760,らーめん 岩本屋 東鯖江店,福井県鯖江市東鯖江2-2-1,2021-08-02
0759,らーめん 岩本屋 敦賀木崎店,福井県敦賀市木崎12-15-1,2021-08-02
0756,らーめん 岩本屋 武生店,福井県越前市本保町23-1-1,2021-08-02
0755,らーめん 岩本屋 米松店,福井県福井市米松1-15-29,2021-08-02
0754,是・空 今市店,福井県福井市今市町17-11,2021-08-02
0752,Le Bois,福井県越前市横市町36-4-1,2021-08-02
0750,さくら茶屋 アルビス稲寄店,福井県越前市稲寄町26-7-3,2021-08-02
0747,ラーメン 喜楽,福井県坂井市丸岡町里丸岡3-4,2021-08-02
0746,三丁町カフェ ぼんくら,福井県小浜市小浜香取3,2021-08-02
0744,cadre,福井県福井市高木中央1-2601,2021-08-02
0742,本格炭火焼料理 一,福井県大野市弥生町1-17,2021-08-02
0739,さくら茶屋 PLANT3清水店,福井県福井市三留町21-4 PLANT3清水店内,2021-08-02
0737,お好処 さくら,福井県鯖江市中野町233-11,2021-08-02
0736,イタメシヤ,福井県越前市矢放町21-5-11,2021-08-02
0734,さくら茶屋 ヤマキシ朝日店,福井県丹生郡越前町乙坂39-1,2021-08-02
0731,ノワール,福井県大野市本町9-3,2021-08-02
0730,ハーブ＆スパイスカフェ ココロノカオリ,福井県福井市若杉1-1217,2021-08-02
0727,四季のおもてなし 兼八,福井県福井市清水杉谷町8-62,2021-08-02
0726,門野亭,福井県大飯郡おおい町名田庄口坂本31-4-1,2021-08-02
0725,野坂茶屋,福井県敦賀市野坂15号柳谷1-1,2021-08-02
0724,カフェレストラン ハッピー,福井県勝山市旭町2-1-18,2021-08-02
0723,昇吾楼,福井県坂井市三国町山岸35-5-9,2021-08-02
0716,あぶり焼き もも蔵,福井県福井市下馬3-1711,2021-08-02
0715,若狭フィッシャーマンズ・ワーフ レストラン海幸苑,福井県小浜市川崎1-3-2,2021-08-02
0713,得得 敦賀本町店,福井県敦賀市本町1丁目12-13,2021-08-02
0712,炭火焼肉 大蔵,福井県福井市学園1-2-12 学園ビル1F,2021-08-02
0709,うを籐,福井県福井市春山2-23-12,2021-08-02
0708,上街堂,福井県吉田郡永平寺町志比5-15,2021-08-02
0707,テキサスハンズ 敦賀店,福井県敦賀市昭和町2丁目22-31,2021-08-02
0706,三國屋,福井県吉田郡永平寺町藤巻34-19-1,2021-08-02
0704,鉄板 真夏,福井県越前市横市町34-14-1,2021-08-02
0702,米太 川崎店,福井県小浜市川崎2-5-3,2021-08-02
0701,むらさ木亭,福井県鯖江市水落町3-10-24,2021-08-02
0700,TRUMP,福井県鯖江市水落町1-13-18,2021-08-02
0699,めん房 新月亭,福井県丹生郡越前町内郡14-21,2021-08-02
0698,スナック ピュア,福井県越前市府中1-10-6,2021-08-02
0697,８番らーめん 小浜店,福井県小浜市府中8-41,2021-08-02
0696,スナック 舞,福井県小浜市小浜竜田3,2021-08-02
0694,炭火焼肉 たろう,福井県福井市文京3丁目24-5 城戸ビル1F,2021-08-02
0693,串BUNKYO二郎,福井県福井市文京3丁目24-5 城戸ビル2F,2021-08-02
0692,ビストロ ウールー,福井県坂井市春江町江留上錦15-2,2021-08-02
0689,美食空間 蘭月,福井県勝山市長山町1-2-18,2021-08-02
0688,Café&Amusement Bar Three 8,福井県福井市下馬3丁目1302,2021-08-02
0684,日本料理 瀬名,福井県福井市宝永1丁目16-6,2021-08-02
0682,天領そば,福井県鯖江市沢町26-4-2,2021-08-02
0680,スナック 恵美湖,福井県大野市高砂町17-2 街合室ビル1F,2021-08-02
0676,Cos Mos（コスモス）,福井県越前市押田2-10-12,2021-08-02
0675,四川料理 興龍,福井県福井市石盛町811 Fプラザビル1F,2021-08-02
0670,スローベリィ,福井県鯖江市水落町2-28-25,2021-08-02
0667,うみから食堂,福井県大飯郡高浜町塩土5-1,2021-08-02
0666,和ダイニング ひで味,福井県福井市加茂緑苑町310,2021-08-02
0664,中国料理 白楽,福井県福井市日之出2-15-32,2021-08-02
0663,とんかつ ゑびす庵,福井県越前市押田1-1-14,2021-08-02
0661,コミュニティカフェ きらやま茶屋,福井県三方上中郡若狭町三方39-5-3,2021-08-02
0660,カラオケ喫茶 さくら,福井県敦賀市三島町2-217,2021-08-02
0657,手打そば どうせき,福井県勝山市元町1-5-22,2021-08-02
0655,trattoria BENE,福井県福井市田原1-8-18 メゾンdeフェニックス1F,2021-08-02
0654,Caffé il Venticello,福井県鯖江市舟津町2-3-14,2021-08-02
0652,角惣 司,福井県あわら市市姫2-30-31,2021-08-02
0651,生そば 勘助,福井県越前市粟田部町29-24,2021-08-02
0650,イタリア料理 ポポラーレ,福井県福井市里別所新町211,2021-08-02
0649,ラビット,福井県福井市印田町18-4 印田ゴルフセンター内,2021-08-02
0648,中華料理 大福,福井県福井市西開発1-2501 ヤシマビル1F,2021-08-02
0646,小松屋 本店,福井県坂井市丸岡町富田町1-26,2021-08-02
0645,さいや,福井県越前市新在家町9-15,2021-08-02
0643,中華料理 福満楼,福井県坂井市春江町江留下相田56,2021-08-02
0642,田島食堂,福井県丹生郡越前町東内郡1-310,2021-08-02
0641,喫茶 マティニー,福井県丹生郡越前町東内郡1-310,2021-08-02
0640,カメレオン食堂,福井県敦賀市白銀町5-29 ホテルスィートピー1F,2021-08-02
0637,大福そば,福井県越前市粟田部町15-22,2021-08-02
0634,台湾料理 四季紅,福井県坂井市春江町藤鷲塚38-10,2021-08-02
0633,喫茶 禅,福井県吉田郡永平寺町志比27-14,2021-08-02
0630,名物たこ焼き なっちゃんち,福井県勝山市元町1-7-28 勝山サンプラザ内,2021-08-02
0629,31アイスクリーム MEGAドン・キホーテUNY福井店,福井県福井市飯塚町11-111,2021-08-02
0628,やきとり居酒屋 秀吉,福井県大野市月美町15-9,2021-08-02
0627,焼肉 ひまわり,福井県福井市高木中央2-3003,2021-08-02
0625,イタリア料理 ラ カーラ,福井県福井市高木中央2-403 シラサキ第2 102,2021-08-02
0623,カラオケBAR エミ,福井県福井市二の宮3-27-1,2021-08-02
0622,Cat's,福井県越前市府中2丁目3-23,2021-08-02
0621,(有) 川とく,福井県三方上中郡若狭町能登野35-14,2021-08-02
0620,テキサスハンズ 鯖江店,福井県鯖江市有定町3-2-12,2021-08-02
0617,おいしい ちよ鶴,福井県勝山市本町2-4-2,2021-08-02
0616,レストラン 夢屋,福井県越前市東千福町7-15,2021-08-02
0615,銀寿司,福井県勝山市栄町4-3-53,2021-08-02
0613,焼肉.ホルモン 白,福井県福井市若杉浜2-705,2021-08-02
0612,麺屋 もみじ,福井県あわら市二面46-3-2,2021-08-02
0611,和風レストラン 瀧雅,福井県越前市庄町36-1-1,2021-08-02
0609,お食事処 越前がに楽膳,福井県坂井市三国町梶38-37-2 三国温泉お宿あらや1F,2021-08-02
0607,木下鮮魚店,福井県福井市安波賀町14-5,2021-08-02
0605,COCO AZURE（ココ・アズール）,福井県敦賀市津内町1-2-12 栄ビル103,2021-08-02
0603,鳥八 松本店,福井県福井市松本3-4-7,2021-08-02
0601,しきぶ温泉 湯楽里内レストラン 若紫,福井県越前市白崎町68-8,2021-08-02
0598,さくら茶屋 若杉店,福井県福井市若杉1-3102,2021-08-02
0595,８番らーめん 丸岡店,福井県坂井市丸岡町一本田中34-40-1,2021-08-02
0594,寿司処 福芳,福井県小浜市大手町8-5,2021-08-02
0593,炭魚 ほんだ,福井県坂井市丸岡町本町1-53,2021-08-02
0592,アリスの家,福井県越前市村国2-8-24,2021-08-02
0590,es/ COFEE&KINDNESS,福井県敦賀市呉竹町2-13-15,2021-08-02
0589,旬菜料理 いし田,福井県福井市江端町11-22,2021-08-02
0588,えきライブラリー tetote Cafe&Sweet ここる,福井県鯖江市日の出町1-2,2021-08-02
0584,おりょうり京町 萬谷,福井県越前市京町3-1-3,2021-08-02
0582,さくら茶屋 ピアゴ丸岡店,福井県坂井市丸岡町一本田2-11-3,2021-08-02
0581,そば処 梅林,福井県大野市月美町2-6,2021-08-02
0579,Rond,福井県大飯郡おおい町成海1-16-2,2021-08-02
0578,ときの蔵,福井県鯖江市新横江2丁目2-1,2021-08-02
0575,カラオケ酒場 友利,福井県敦賀市呉竹町2-11-7 柳ハイツ1F,2021-08-02
0574,らーめん 門,福井県福井市米松2-1-18,2021-08-02
0573,kimama cafe & relaxation,福井県坂井市春江町江留下3-15,2021-08-02
0572,お食事処 一福,福井県大野市明倫町3-33,2021-08-02
0571,小堀日之出堂,福井県敦賀市神楽町1丁目2番地39号,2021-08-02
0570,レストラン トミー,福井県福井市上北野1-24-3,2021-08-02
0569,センチュリオンホテル テクノポート福井 沙羅,福井県坂井市三国町黒目22-51-2 センチュリオンホテル リゾート＆スパ テクノポート福井 2F,2021-08-02
0568,ごはんばー きえんの徴,福井県福井市堂島町203,2021-08-02
0566,ヨーロッパ軒 木田分店,福井県福井市木田町1713番地,2021-08-02
0564,ステーキ宮 福井文京店,福井県福井市文京7-11-7,2021-08-02
0563,IWABA CAFE,福井県坂井市三国町安島64-1-9,2021-08-02
0562,ほっきょ荘,福井県吉田郡永平寺町志比24-35,2021-08-02
0557,生真麺屋 まぁ坊,福井県福井市順化2-21-3 JK,2021-08-02
0556,一炷庵,福井県大飯郡おおい町名田庄三重24-34,2021-08-02
0555,甚右衛門 新保店,福井県福井市新保北1-303,2021-08-02
0554,矢の屋,福井県吉田郡永平寺町市野々39-8-1,2021-08-02
0553,そば処 こばやし,福井県坂井市春江町下小森2-16-1,2021-08-02
0552,タビーズカフェ,福井県鯖江市丸山町1-2-14,2021-08-02
0550,居酒屋 くめちゃん,福井県鯖江市北中町733-2,2021-08-02
0549,CHARMY BAR,福井県越前市蓬莱町4-18 蔵の辻,2021-08-02
0548,水芭蕉＆つる八,福井県越前市塚原町24-9-3,2021-08-02
0546,韓国厨房 崔家,福井県坂井市丸岡町石上2-33,2021-08-02
0543,福よし,福井県鯖江市御幸町2-8-6,2021-08-02
0542,Cam Cam（カムカム）,福井県大野市鍬掛17-17-1 ヴィオ内フードコート,2021-08-02
0541,敦賀 海食 うお貞,福井県敦賀市櫛川41-2-1 花城温泉ホテル 花城内1F,2021-08-02
0540,もとや食堂,福井県坂井市丸岡町霞町3-18-9,2021-08-02
0539,居酒屋 山ぐち,福井県福井市乾徳4-1-1,2021-08-02
0538,８番らーめん 花堂店,福井県福井市舞屋町15-3,2021-08-02
0537,ラブリー牧場 みるくの郷,福井県大野市蕨生137-21-1 道の駅越前おおの荒島の郷内,2021-08-02
0536,道の駅 越前おおの荒島の郷 大野三昧,福井県大野市蕨生137-21-1 道の駅越前おおの荒島の郷内,2021-08-02
0535,コメダ珈琲店 小浜店,福井県小浜市駅前町13-11,2021-08-02
0533,蕎麦 その字,福井県福井市高木中央2-2612,2021-08-02
0532,地中海食堂 Tondo,福井県福井市二の宮3-27-1 二の宮スカイコープ1F-101,2021-08-02
0531,炭火串焼 こっこ屋,福井県福井市北四ツ居2-111,2021-08-02
0530,そば処 みの吉,福井県坂井市三国町新保42-3-1-7,2021-08-02
0529,８番らーめん 若杉店,福井県福井市若杉4-201,2021-08-02
0528,８番らーめん 春江店,福井県福井市定正町1219-2,2021-08-02
0527,Caffe 月の虹,福井県敦賀市三島町1-6-23,2021-08-02
0526,レストラン たかは,福井県大野市月美町6-14,2021-08-02
0525,北時計,福井県鯖江市下新庄町17-61,2021-08-02
0523,スナック シスターズ,福井県福井市江端町11-1,2021-08-02
0521,ビストロ ミストラル,福井県越前市京町1-6-22,2021-08-02
0520,茶房 華紋,福井県鯖江市神中町3-5-30,2021-08-02
0518,朝採りたまごダイニング Lily,福井県坂井市春江町石塚21-2-3 ゆりの里公園内,2021-08-02
0515,今治亭,福井県南条郡南越前町今庄109-1,2021-08-02
0513,バナナジュース専門店 BananaBoy,福井県福井市蒲生町16-7-1,2021-08-02
0512,枩田商店,福井県福井市蒲生町16-2-1,2021-08-02
0508,古村魚店,福井県鯖江市下河端町71-5,2021-08-02
0507,道とん堀 鯖江店,福井県鯖江市東鯖江1丁目109,2021-08-02
0506,中国料理 唐子,福井県敦賀市本町1丁目7-3,2021-08-02
0503,秋吉 丸岡店,福井県坂井市丸岡町朝陽1-128,2021-08-02
0500,31アイスクリーム 福井ロードサイド店,福井県福井市幾代2-1424-1,2021-08-02
0499,四季彩館 酔月,福井県小浜市小浜飛鳥108,2021-08-02
0498,そば処 天心,福井県勝山市郡町2丁目6-26,2021-08-02
0497,びあだる 本町店,福井県敦賀市本町2丁目7-14,2021-08-02
0494,シフォン＆ダイニング BLUe Bee,福井県福井市和田3-403,2021-08-02
0493,小南亭,福井県坂井市三国町安島64-1-55,2021-08-02
0492,やく志屋,福井県勝山市沢町2-9-10,2021-08-02
0491,若重食堂,福井県坂井市坂井町若宮13-1-50,2021-08-02
0489,おはぐろ そば処惣平,福井県鯖江市吉江町18-31-4,2021-08-02
0486,御清水庵,福井県越前市吾妻町3-33,2021-08-02
0485,旬肴 すぎもと,福井県鯖江市戸口町16-1,2021-08-02
0484,ミルク工房 奥越前 六呂師高原の時計台,福井県大野市南六呂師169字東上谷野,2021-08-02
0483,鮨 ゆうさや,福井県福井市三郎丸4-202 サンライトビル102,2021-08-02
0482,和旬 いわもと,福井県小浜市駅前町4-30 KTビル1F,2021-08-02
0481,Cafe Lounge Milky（カフェラウンジ ミルキー）,福井県福井市大和田2-418 エルパプラス３F,2021-08-02
0480,喫茶 香,福井県今立郡池田町谷口1-1,2021-08-02
0479,喜久屋,福井県越前市粟田部町47-22,2021-08-02
0477,お食事処 松やん,福井県鯖江市御幸町3-2-2,2021-08-02
0476,喫茶 マッチボックス,福井県坂井市丸岡町一本田中33-25,2021-08-02
0475,料亭 神崎家,福井県越前市京町1-4-34,2021-08-02
0474,和彩 牧,福井県福井市経田1-916,2021-08-02
0473,ほっとカフェ smile,福井県福井市下馬1丁目1102,2021-08-02
0472,お好み焼き ほやほや,福井県丹生郡越前町朝日1-5-1,2021-08-02
0469,食庵 おり田,福井県勝山市毛屋町1611,2021-08-02
0468,ラ・ギャルリー ラコンテ,福井県あわら市大溝2-38-21,2021-08-02
0467,吞喰処 北ひの,福井県越前市平林町1-5-16,2021-08-02
0466,愛来屋,福井県大野市元町2-1,2021-08-02
0464,BARON Shimaguchi,福井県福井市順化2-20-11,2021-08-02
0463,韓国家庭料理・焼肉 明洞,福井県敦賀市新松島町1-1,2021-08-02
0462,Café Cielo,福井県福井市上北野1-25-1,2021-08-02
0461,お好みハウス タッチ,福井県越前市国高2丁目43-7-1,2021-08-02
0458,エスポワール 本店,福井県越前市粟田部町32-16-1,2021-08-02
0457,寿司割烹 大花,福井県小浜市大手町9-8 森島ビル2F,2021-08-02
0456,大陸,福井県越前市粟田部町33-6-9,2021-08-02
0455,ミスティ,福井県小浜市生守6-33-2,2021-08-02
0454,東尋坊 正太楼,福井県坂井市三国町安島64-1-55,2021-08-02
0453,御料理 金兵衛,福井県敦賀市本町1丁目15-23,2021-08-02
0452,スタンド 川,福井県大野市桜塚町705,2021-08-02
0450,粋歌 涼,福井県越前市桂町6-28 酒井ビル2F,2021-08-02
0449,レストラン 味里,福井県福井市新保2-228 福井心臓血圧センター内,2021-08-02
0448,スタンド よっちゃん,福井県勝山市沢町2-11-24,2021-08-02
0447,居酒屋 弥ェ門,福井県敦賀市清水町1丁目21-6,2021-08-02
0443,盆暮屋,福井県越前市横市町34-14-1,2021-08-02
0442,キース・ジャレット,福井県福井市順化1-12-6,2021-08-02
0441,つまみ菜,福井県あわら市温泉5-1704-1,2021-08-02
0438,寿し正,福井県福井市グリーンハイツ4丁目180,2021-08-02
0437,ナイトキャビン シーマン,福井県敦賀市本町1-2-12,2021-08-02
0435,割烹 おば田,福井県鯖江市つつじケ丘15-1,2021-08-02
0434,より処,福井県越前市粟田部町38-3-4,2021-08-02
0432,与志美鮨,福井県勝山市本町3-2-8,2021-08-02
0431,団らん,福井県越前市村国1丁目5-29,2021-08-02
0426,そば処 どうぐや,福井県坂井市三国町山王4-5-6,2021-08-02
0425,木立,福井県坂井市丸岡町上久米田2-5-6,2021-08-02
0424,茶房 白南風,福井県福井市運動公園1丁目1115,2021-08-02
0423,ひよし屋,福井県大野市日吉町5-18,2021-08-02
0422,古民家レストラン 茶屋 おがまち,福井県大野市明倫6-29,2021-08-02
0419,花より肉,福井県福井市渕2丁目1006,2021-08-02
0418,カフェ 万修,福井県越前市粟田部町39-4,2021-08-02
0417,居酒屋 呑喰里,福井県坂井市丸岡町西瓜屋15-6-1,2021-08-02
0415,カラオケ喫茶 和,福井県福井市宮地町59-4-1,2021-08-02
0410,レストラン パンエ,福井県越前市東千福町24-17,2021-08-02
0408,２５２５亭 福井開発店,福井県福井市開発4丁目401-1,2021-08-02
0406,KandK,福井県福井市江守中2丁目601,2021-08-02
0405,焼肉 京城苑,福井県越前市府中1丁目14-23,2021-08-02
0404,香花,福井県福井市二の宮2-29-10 パストラルイン二宮1F,2021-08-02
0402,たぬきや,福井県福井市花月1-5-13,2021-08-02
0401,かわだ尾花屋まちライブラリー,福井県鯖江市河和田町19-1-9,2021-08-02
0400,吉田焼肉店,福井県あわら市春宮2-10-30,2021-08-02
0399,竹田家,福井県大野市本町4-5,2021-08-02
0398,手打ちそば処 たけうち,福井県坂井市三国町山王4-1-47,2021-08-02
0397,ジャドール,福井県敦賀市清水町1-18-13,2021-08-02
0396,福寿し,福井県坂井市三国町北本町2-1-45,2021-08-02
0395,楽膳,福井県丹生郡越前町気比庄33-22-3,2021-08-02
0393,大八,福井県南条郡南越前町湯尾3-13-5,2021-08-02
0392,FAN's KITCHEN,福井県福井市大丹生町70-1-6,2021-08-02
0391,コーヒーハウス 神戸っ子,福井県福井市日光2-1-8 日光レジデンス1F,2021-08-02
0388,player's cafe Bostonclub,福井県大野市本町9-3,2021-08-02
0387,わかば,福井県鯖江市舟津町1丁目6-1,2021-08-02
0386,スナック 幸,福井県鯖江市桜町2丁目2-11,2021-08-02
0384,耒神（らいじん）,福井県福井市有楽町6-16,2021-08-02
0383,くるくる寿司 ほがらか亭,福井県福井市成和1丁目1009-1,2021-08-02
0381,たんぽぽ,福井県鯖江市西袋町39-1-1,2021-08-02
0375,海食空間 かに乃花,福井県丹生郡越前町梅浦56-13,2021-08-02
0374,Snowcafe 焙煎工房,福井県福井市荒木新保町31-21,2021-08-02
0373,焼肉食堂 いづもや,福井県坂井市丸岡町西瓜屋2-7-3,2021-08-02
0372,喫茶 とっど,福井県大野市中保18-35-1,2021-08-02
0371,ふくりゅう軒,福井県福井市加茂河原3-12-31,2021-08-02
0370,めだか,福井県鯖江市桜町1-5-9,2021-08-02
0369,８番らーめん 足羽店,福井県福井市真木町13-19,2021-08-02
0367,そば処 又八庵,福井県敦賀市杉箸79-42,2021-08-02
0365,出みせ,福井県丹生郡越前町高佐27-1,2021-08-02
0364,ギャラリー&カフェレスト みらいばこ,福井県敦賀市呉竹町1-41-15-101,2021-08-02
0363,レストラン 朱雀,福井県坂井市坂井町下兵庫252-14,2021-08-02
0362,PUNTO,福井県鯖江市神明町5-4-62,2021-08-02
0361,御殿 當田屋,福井県鯖江市本町1丁目4-10,2021-08-02
0360,一乗谷レストラント,福井県福井市城戸ノ内町10-48,2021-08-02
0359,MOMI＆TOY’S エンゼルランドふくい前店,福井県坂井市春江町江留下高道95-1,2021-08-02
0358,五目亭 新保店,福井県福井市新保北1-409,2021-08-02
0357,Bar Banguet,福井県越前市京町2-1-5,2021-08-02
0355,海鮮お食事処 夕なぎ荘,福井県坂井市三国町安島64-1-33,2021-08-02
0354,多国籍居酒屋 シャンガリ,福井県福井市日之出1-14-10 坪井ビル1F,2021-08-02
0353,すし春,福井県福井市学園1丁目2-12 学園ビル1F,2021-08-02
0352,屋台中華 まる,福井県あわら市温泉3-201 あわら温泉屋台村湯けむり横丁内,2021-08-02
0351,小料理 あさ川,福井県坂井市三国町山岸39-50-9,2021-08-02
0350,恵長庵 まんもと,福井県福井市日之出1-13-6,2021-08-02
0349,善五郎,福井県福井市文京1-4-24,2021-08-02
0348,山楽亭,福井県吉田郡永平寺町志比23-31-10,2021-08-02
0347,スイーツ＆カフェ Blanc,福井県鯖江市丸山町2丁目7-13,2021-08-02
0346,グリル セピア,福井県鯖江市水落町3-8-25,2021-08-02
0344,grass.No,福井県福井市順化2丁目22-1 寺本ビル201,2021-08-02
0342,のれん,福井県福井市福2-1910,2021-08-02
0341,グリーンハウス,福井県敦賀市港町2-15,2021-08-02
0340,パブレストラン ゴリラ,福井県小浜市小浜酒井64,2021-08-02
0339,DINO CAFE,福井県勝山市村岡町寺尾51-11,2021-08-02
0337,浅田クッキングスクール直営 クィーンアリス,福井県福井市町屋1-5-31,2021-08-02
0336,チェリー喫茶,福井県大野市月美町5-9,2021-08-02
0335,三谷屋 風,福井県あわら市春宮2-4-18,2021-08-02
0334,タヌキ寿司,福井県敦賀市津内町1-8-15,2021-08-02
0333,旬彩厨房 𠮷のぶ,福井県小浜市駅前町2-8,2021-08-02
0332,おやじのフレンチ てつ,福井県あわら市温泉3-201 あわら温泉屋台村湯けむり横丁内,2021-08-02
0330,莨屋旅館跡 お料理 与志多,福井県福井市照手1-14-4,2021-08-02
0329,Bar LOOFAH,福井県大飯郡高浜町宮崎86-41-16,2021-08-02
0328,道の駅 シーサイド高浜,福井県大飯郡高浜町下車持46-10,2021-08-02
0326,テキサスハンズ やしろ店,福井県福井市江守中1丁目1809,2021-08-02
0324,三国サンセットビーチ 海の家 ダイヤモンドヘッド,福井県坂井市三国町米ヶ脇4-4-28 三国サンセットビーチ北側,2021-08-02
0323,わらび 高木店,福井県福井市高木町52-28-1,2021-08-02
0321,わらび 鯖江店,福井県鯖江市小黒町1-5-16,2021-08-02
0317,スシロー 福井米松店,福井県福井市米松1-16-38,2021-08-02
0316,スシロー 福井若杉店,福井県福井市若杉1-3015,2021-08-02
0315,スシロー 鯖江店,福井県鯖江市下河端町23-4-1,2021-08-02
0314,スシロー 春江店,福井県坂井市春江町随応寺24-6-3,2021-08-02
0313,ソースかつ丼 福井家 城東店,福井県福井市城東4-29-5,2021-08-02
0312,民宿 冨士,福井県坂井市三国町梶38-37-5,2021-08-02
0311,手づくり工房 コスモス（クッキー＆カフェ サニースマイル）,福井県福井市田尻栃谷町38-46-5,2021-08-02
0310,green parluur ベルベール,福井県鯖江市小黒町1-5-3,2021-08-02
0309,なか卯 鯖江五郎丸店,福井県鯖江市横江町2-6-9,2021-08-02
0308,なか卯 福井社店,福井県福井市若杉2-1535,2021-08-02
0305,８番らーめん 国高店,福井県越前市庄町1-7,2021-08-02
0302,炭火焼肉屋 さかい 武生店,福井県越前市庄町1-9,2021-08-02
0301,コメダ珈琲店 鯖江店,福井県鯖江市神明町3丁目10-20,2021-08-02
0300,コメダ珈琲店 武生店,福井県越前市芝原5丁目3-8,2021-08-02
0299,白山さんち,福井県越前市上杉本町11-7,2021-08-02
0298,居酒屋 味処 八八,福井県あわら市舟津31-9-1,2021-08-02
0297,敦賀ふぐの宿 なかい,福井県敦賀市色浜30-6,2021-08-02
0295,永平寺親禅の宿 柏樹關,福井県吉田郡永平寺町志比6-1,2021-08-02
0294,サニースマイル,福井県福井市下六条14-1 福井県生活学習館内1F,2021-08-02
0292,秋吉 三国店,福井県坂井市三国町楽円53-21-4,2021-08-02
0291,ベルサイドカフェ 越前大野店,福井県大野市蕨生137-21-1 道の駅越前おおの荒島の郷内,2021-08-02
0290,わらび 稲寄店,福井県越前市稲寄町26-1,2021-08-02
0289,たじべえ,福井県越前市岡本町15-3-2,2021-08-02
0288,海鮮アトム 武生店,福井県越前市新町4字常淵10-1,2021-08-02
0287,大衆割烹 蕗,福井県越前市芝原5-5-39,2021-08-02
0286,ウエルズ,福井県福井市田原1丁目12-7,2021-08-02
0285,海鮮アトム 敦賀若葉店,福井県敦賀市若葉町2-1702,2021-08-02
0284,海鮮アトム 鯖江店,福井県鯖江市柳町4-7-1,2021-08-02
0283,ベラドーナ,福井県小浜市駅前町19-40 ニュー五番街3階,2021-08-02
0280,旬食彩 つぼみ,福井県越前市平出2丁目4-11,2021-08-02
0276,スナック 舞,福井県敦賀市清水町1丁目19-10 千年ビル1F,2021-08-02
0272,居酒屋 てきさす,福井県小浜市小浜酒井1-83,2021-08-02
0271,城小屋 マルコ,福井県坂井市丸岡町霞町1-25,2021-08-02
0270,さのや 開発店,福井県福井市開発1丁目127,2021-08-02
0269,焼肉ダイニング アリラン,福井県福井市舟橋新1-204,2021-08-02
0268,かんすけ,福井県鯖江市小黒町1-3-28,2021-08-02
0267,炭火串焼き串揚げ 一克,福井県勝山市本町1-4-4,2021-08-02
0266,井の上,福井県吉田郡永平寺町志比28-2,2021-08-02
0265,京風庵 芳家,福井県鯖江市松成町3-73,2021-08-02
0264,いこい食堂,福井県丹生郡越前町厨10-33,2021-08-02
0263,一季,福井県福井市新保1丁目1613,2021-08-02
0262,うなぎや,福井県福井市高木中央2-4118,2021-08-02
0261,サルビア,福井県吉田郡永平寺町東古市16-48,2021-08-02
0260,Tenda Rossa,福井県福井市高柳3-3208,2021-08-02
0258,UMIKARA select,福井県大飯郡高浜町塩土5-1,2021-08-02
0257,うみからテラス,福井県大飯郡高浜町塩土5-1,2021-08-02
0251,今庄そば道場,福井県南条郡南越前町大門10-3-1,2021-08-02
0250,Speranza Fiore,福井県敦賀市木崎32-3-1,2021-08-02
0249,本手打ちそば 山楽,福井県越前市横市町1-5-5,2021-08-02
0248,台湾料理 昇龍,福井県敦賀市木崎13-28,2021-08-02
0247,串酒場 はっさく,福井県小浜市大手町7-36,2021-08-02
0246,みくに隠居処,福井県坂井市三国町宿3-7-22,2021-08-02
0245,手打そば 蘭敷,福井県南条郡南越前町湯尾56-6-2,2021-08-02
0244,やき処 志喜,福井県福井市安田町82-1,2021-08-02
0243,カフェ モカジジ,福井県福井市東森田3丁目1601番地,2021-08-02
0241,立ち呑み ゴールデン,福井県鯖江市本町2-1-8,2021-08-02
0240,スナック 桑港,福井県小浜市小浜酒井1-25,2021-08-02
0239,King's 8 Diner,福井県坂井市丸岡町谷町2-34,2021-08-02
0237,魚菜園,福井県福井市順化1-18-8 開明ビル１F,2021-08-02
0235,みそカフェ misola,福井県福井市春山2-25-1 みそ楽2F,2021-08-02
0234,鉄板焼 にしやま亭,福井県鯖江市長泉寺町1-9-15,2021-08-02
0232,御料理 半兵衛,福井県坂井市丸岡町南横地21-17,2021-08-02
0231,居酒屋 晩酌,福井県越前市広瀬町132-28-1,2021-08-02
0229,焼肉 じゃがいも,福井県福井市高木2-901,2021-08-02
0228,串よろし,福井県福井市南四ツ居1-1-36 URビル1F南,2021-08-02
0226,中華そば 一力,福井県敦賀市中央町1-13-21,2021-08-02
0225,三河屋,福井県越前市蓬莱町3-25-1,2021-08-02
0224,湯上りだいにんぐ さいさい,福井県福井市渕2丁目1401,2021-08-02
0223,焼肉処 新羅,福井県福井市渕2-1401,2021-08-02
0222,福井ウクレレクラスタ 楽音,福井県福井市文京3-1-29 杉森ビル1F,2021-08-02
0221,魚屋の喰い処 まつ田,福井県福井市蒲生町16-7-1,2021-08-02
0218,レストラン ジャルダン,福井県福井市文京4-28-16,2021-08-02
0216,ごはん屋 和,福井県福井市東森田2-108,2021-08-02
0214,かんぽの宿 福井,福井県福井市渕町43-17,2021-08-02
0212,OUCHI CAFÉ MUC,福井県坂井市坂井町上新庄13-8-15,2021-08-02
0211,シシリア,福井県福井市大宮6-13-9,2021-08-02
0209,モーモー亭,福井県三方上中郡若狭町井ノ口29-32-1,2021-08-02
0206,かつ時 敦賀店,福井県敦賀市市野々町1-13,2021-08-02
0204,31アイスクリーム エルパ福井店,福井県福井市大和田2丁目1212番地,2021-08-02
0203,ドミノ・ピザ 福井和田東店,福井県福井市和田東2-1003,2021-08-02
0202,田野屋,福井県大野市陽明町1丁目802-5,2021-08-02
0201,テキサスハンズ 丸岡店,福井県坂井市丸岡町一本田中29-2-1 2F,2021-08-02
0200,ピッツェリア フェリーチェ,福井県福井市北四ツ居1-26-19,2021-08-02
0199,リスボンエイト,福井県越前市中央2-6-13,2021-08-02
0198,森六,福井県越前市粟田部町26-20,2021-08-02
0197,食と物 手造りギャラリー よってこ,福井県越前市新在家町9-21-2,2021-08-02
0196,お食事処 よしだ,福井県鯖江市住吉町3-5-15,2021-08-02
0195,鉄板焼居酒屋 笑兵衛,福井県敦賀市白銀町5-22 白銀ビル1F,2021-08-02
0194,和田屋,福井県福井市今市町1-9,2021-08-02
0193,エスポワール 福井店,福井県福井市高木中央3丁目314,2021-08-02
0192,ASARI,福井県鯖江市神明町2-10-17,2021-08-02
0191,モノ カフェ パール エスポワール,福井県越前市瓜生町5-1-1,2021-08-02
0190,和風レストラン くるま屋,福井県三方上中郡若狭町安賀里75-1-6,2021-08-02
0187,レストラン 若樹,福井県福井市若杉3-910,2021-08-02
0185,春乃家,福井県鯖江市新横江2-3-27-2,2021-08-02
0184,かく屋,福井県丹生郡越前町織田85-54,2021-08-02
0182,Win,福井県大野市弥生町3-2,2021-08-02
0180,栄庵,福井県越前市沢町22,2021-08-02
0179,大宮亭,福井県坂井市丸岡町里丸岡3-10,2021-08-02
0178,ホテル せくみ屋,福井県小浜市小浜白鬚113番地,2021-08-02
0177,㐂の葉,福井県福井市中藤新保町14-1-24,2021-08-02
0174,手打ちそば 雪花,福井県敦賀市谷25-2-4,2021-08-02
0172,憩い処 みなみ,福井県坂井市三国町山王3-5-26,2021-08-02
0171,カリーゲイツ ダンダダ,福井県越前市千福町123,2021-08-02
0170,テキサスハンズ 春江店,福井県福井市石盛町915-1,2021-08-02
0169,明洞２号店,福井県敦賀市白銀町5-18,2021-08-02
0168,旅館 水月,福井県小浜市阿納10-12,2021-08-02
0167,カラオケ喫茶 あられちゃん,福井県越前市国府1-3-1 源ビル1F,2021-08-02
0165,そば割烹 よいん ,福井県福井市福新町1913,2021-08-02
0163,リベール,福井県越前市小松2-21-40,2021-08-02
0162,cafe カシュカシュ,福井県福井市八ツ島町31字宮島302-1,2021-08-02
0159,風の街 やしろ店,福井県福井市渕2-1807,2021-08-02
0157,レストラン 源治,福井県大飯郡高浜町宮崎63-24-1,2021-08-02
0156,mondo（モンド）,福井県大野市有明町21-18,2021-08-02
0155,永平寺の館 雲粋,福井県吉田郡永平寺町市野々13-38-2,2021-08-02
0153,六本弦,福井県福井市田原2丁目26-4,2021-08-02
0151,季ノ肴 よしかわ,福井県福井市若杉4丁目702,2021-08-02
0149,おらんだ亭,福井県福井市南四ツ居1-21-11,2021-08-02
0148,料亭 中松,福井県鯖江市旭町1-5-3,2021-08-02
0147,谷口屋,福井県坂井市丸岡町上竹田37-26-1,2021-08-02
0146,カフェ＆カラオケ Yell,福井県福井市御幸4丁目10-6,2021-08-02
0145,居酒屋 あいらんど,福井県福井市学園2-11-20,2021-08-02
0144,ゆのくに,福井県敦賀市本町1丁目7-27,2021-08-02
0143,内くら,福井県福井市品ヶ瀬町5-97,2021-08-02
0142,潮騒の館 やし楼,福井県坂井市三国町安島64-1-68,2021-08-02
0141,みどり亭,福井県勝山市遅羽町比島33-1,2021-08-02
0140,味のよしだや しのぶ庭,福井県あわら市春宮1-8-13,2021-08-02
0139,呑処 桃太郎,福井県大野市有明町19-14,2021-08-02
0138,あぶりや親方,福井県大野市東中町812,2021-08-02
0136,魚栄楼,福井県越前市粟田部町29-36,2021-08-02
0135,サバエ・シティーホテル イル・ヴィゴーレ,福井県鯖江市桜町3-3-3,2021-08-02
0133,レストラン ときわ,福井県大野市友江12-6,2021-08-02
0132,遊食楽呑 かんきち 鯖江本店,福井県鯖江市三六町1-14-6,2021-08-02
0131,Cafe＆Bar RED SHOES,福井県あわら市温泉5-1302 ハイム松月103号,2021-08-02
0129,魚𠮷,福井県鯖江市吉谷町23-16,2021-08-02
0128,越前めん処 江戸屋,福井県越前市高瀬2-6-15,2021-08-02
0127,ことぶき,福井県越前市粟田部町29-38-2,2021-08-02
0125,山仁,福井県福井市豊島2-3-17,2021-08-02
0124,お食事処 みつや,福井県小浜市小浜酒井1-52,2021-08-02
0123,そば処 盛安,福井県坂井市三国町北本町3-2-30,2021-08-02
0122,自家製麺食堂。 鯖の江,福井県鯖江市持明寺町10-19-3,2021-08-02
0120,足立屋,福井県小浜市和多田31-9-3,2021-08-02
0119,Berceau,福井県福井市東森田3-1815,2021-08-02
0117,maple＊honey,福井県福井市文京6丁目35-18,2021-08-02
0116,テキサスハンズ 四ツ居店,福井県福井市南四ツ居1丁目1-2,2021-08-02
0115,FRUITS & DRINK あいぽーと,福井県坂井市三国町安島64-1（東尋坊）,2021-08-02
0113,郷土の味 かど宗,福井県坂井市丸岡町一本田31-10-1,2021-08-02
0112,カラオケ居酒屋 淳,福井県鯖江市幸町2-4-3 三好マンション202,2021-08-02
0111,Ange,福井県大野市日吉町13-4,2021-08-02
0110,九頭竜 天然鮎茶屋 さぎり屋,福井県吉田郡永平寺町松岡上合月36-50,2021-08-02
0109,びしゃもん,福井市問屋町3-201,2021-08-02
0108,ナイト・イン・モンステラ,福井県勝山市本町1丁目4-27,2021-08-02
0106,秋吉 上中店,福井県三方上中郡若狭町三宅92-2-15,2021-08-02
0105,ロンシャン,福井県大野市日吉町19-10,2021-08-02
0103,中華レストラン 百楽,福井県越前市小松2丁目23-9,2021-08-02
0101,錦場,福井県福井市南四ツ居1-9-21,2021-08-02
0099,すなっく 5年3組,福井県敦賀市本町1丁目2-2 OKビル2F,2021-08-02
0098,カフェダイニング BOND,福井県越前市稲寄町24-1-27,2021-08-02
0097,スナック 鈴奈,福井県越前市桂町5-10,2021-08-02
0096,CaFe 結,福井県越前市村国3-17-5 YOU上の島1F,2021-08-02
0095,谷よし,福井県勝山市本町2-5-2,2021-08-02
0094,秋吉 新田塚店,福井県福井市経田1-1414,2021-08-02
0092,トロン温泉浴施設 うらら館,福井県大野市南六呂師169-136,2021-08-02
0091,居酒屋 佐助,福井県勝山市芳野町2-1-64,2021-08-02
0088,ナイトルーム 妙,福井県福井市春山2-1-3 伊東ビル1F,2021-08-02
0086,ふるさと渓流,福井県坂井市丸岡町山竹田70-4,2021-08-02
0084,カラオケ喫茶 香音,福井県勝山市本町4丁目7-21,2021-08-02
0083,鉄板焼 案山子,福井県あわら市二面5-208,2021-08-02
0082,布作,福井県越前市粟田部町26-6,2021-08-02
0081,和食処 かばた,福井県福井市文京6-22-7,2021-08-02
0079,萌え木,福井県福井市高木中央2丁目2901-1,2021-08-02
0078,ホテルうみんぴあ レストラン -SAVOR-,福井県大飯郡おおい町成海1-8,2021-08-02
0075,地酒蔵,福井県鯖江市柳町3丁目2-9,2021-08-02
0074,スナック 由紀,福井県大飯郡高浜町宮崎86-20-9,2021-08-02
0072,お好み焼 からんころん,福井県福井市大願寺2-6-28,2021-08-02
0071,リストランテ Aggi,福井県福井市問屋町4丁目701番地,2021-08-02
0070,ぷうあぷう ラポスト,福井県吉田郡永平寺町東古市9-35-2,2021-08-02
0068,酒楽 山おか,福井県福井市二の宮4-1-1 高橋ビル１F,2021-08-02
0067,まつ治,福井県小浜市小浜竜田78,2021-08-02
0066,月見亭,福井県越前市松森町15-4-23,2021-08-02
0065,レストラン 安土山,福井県大飯郡高浜町和田133-9-2,2021-08-02
0064,あら井や料理店,福井県勝山市本町3丁目3-4,2021-08-02
0063,伊酒屋 バル ジーモ,福井県吉田郡永平寺町松岡御公領503-2 医大前Ｋコーポ1F,2021-08-02
0061,しゃぶしゃぶ 万両,福井県福井市西開発1-2404,2021-08-02
0060,DogSaion＆Café chienka,福井県坂井市丸岡町新九頭竜1-242,2021-08-02
0058,まンまや おちょkitchen,福井県福井市日之出2-7-16,2021-08-02
0057,BEAUTY&CAFE JURAKU,福井県鯖江市下河端町4-6-1,2021-08-02
0054,レ・ボン・セパージュ,福井県福井市船橋黒竜1丁目206,2021-08-02
0053,Studio 詩音,福井県小浜市生守6-33-1 松山ビル2F,2021-08-02
0052,イタリア料理 Peperino,福井県敦賀市御名53-108-1,2021-08-02
0051,NALU,福井県勝山市本町2-2-27,2021-08-02
0049,(有) 魚治,福井県勝山市沢町1-4-21,2021-08-02
0048,レストラン 金龍,福井県吉田郡永平寺町東古市16-42-1,2021-08-02
0047,居食屋 りゅう,福井県吉田郡永平寺松岡上合月2-66-1,2021-08-02
0045,歌謡酒場 七色,福井県敦賀市本町1-2-12 越路ビル1F,2021-08-02
0044,ラウンジ LuPi,福井県敦賀市本町1丁目14-27 アスナビル1Fの1号,2021-08-02
0043,スナック 春花,福井県越前市北府2丁目15-13 石田ビル1Ｆ,2021-08-02
0042,スナック 庄兵衛,福井県勝山市滝波町3丁目206,2021-08-02
0040,九龍飯店,福井県鯖江市有定町2-4-28-2,2021-08-02
0039,やっこ,福井県福井市足羽1-14-21,2021-08-02
0038,焼肉 万賛館,福井県勝山市沢町2-7-27,2021-08-02
0037,花月楼,福井県勝山市本町2-6-21,2021-08-02
0036,小牧かまぼこ,福井県敦賀市余座13-1-1,2021-08-02
0034,とんかつ カルマ 本店,福井県福井市二の宮3-1-11,2021-08-02
0033,味処 けやき,福井県坂井市坂井町蔵垣内34-14-1,2021-08-02
0032,秋吉 武生店,福井県越前市府中1-12-26,2021-08-02
0031,ホテル 流星館,福井県大飯郡おおい町名田庄納田終109-6-1,2021-08-02
0029,鉄板創作串 JIN,福井県小浜市大手町5-20 七福タウン,2021-08-02
0028,若狭マリンプラザ,福井県小浜市岡津44,2021-08-02
0025,鉄板焼きダイニング Voyage,福井県鯖江市丸山町1丁目2-4,2021-08-02
0024,茶房すなっく 古都,福井県福井市四ツ井2-3-6,2021-08-02
0023,鉄板焼きと居酒屋のお店 七転び八起き,福井県福井市明里町11-10,2021-08-02
0022,永平寺 九頭竜らー麺 庫裡庵,福井県吉田郡永平寺町松岡兼定島11-50-2,2021-08-02
0021,居酒屋 岩倉,福井県越前市桂町5-11,2021-08-02
0019,よ志元 本店,福井県越前市元町6-12,2021-08-02
0018,びすとろ も・談屋,福井県鯖江市糺町25-12-2,2021-08-02
0017,ぬの家,福井県鯖江市水落町3丁目2-17,2021-08-02
0016,カフェ＆パブ ダイハード,福井県敦賀市元町18-32,2021-08-02
0015,セピア,福井県大野市中狭3丁目1102,2021-08-02
0014,スナック 麻里,福井県勝山市滝波町4丁目1102,2021-08-02
0011,ごはんや 蓮 REN,福井県南条郡南越前町牧谷29-8,2021-08-02
0010,グラン・シェフ クーゼー,福井県福井市今市町40-1-1 ハーモニーホール敷地内,2021-08-02
0009,カラオケ喫茶 らんでぶー,福井県敦賀市金山89-3-6 三谷ビル101,2021-08-02
0008,カラオケ喫茶 宝,福井県敦賀市若葉町2丁目407 Fビル2F,2021-08-02
0007,カフェテラス MAKI,福井県福井市高木中央2-4109,2021-08-02
0006,喫茶 アイビー,福井県坂井市丸岡町石城戸町1-11,2021-08-02
0004,COZY COFFEE,福井県吉田郡永平寺町吉波22-104,2021-08-02
0003,Brown Rice Bar,福井県福井市花月2-13-17,2021-08-02
0002,焼き鳥居酒屋 火の鳥,福井県大野市中保22-1-1,2021-08-02
0001,レストラン リーフテラス,福井県福井市高木中央3-701,2021-08-02